,CompanyName,Title,location,duration,salary,No_of_applied,Total_postings,Total_hired,Started_since
0,CollegeTips Ed Tech Media Private Limited,Business Analytics,Work from home,1 Month,"₹ 10,000 - 25,000 /month",Be an early applicant,552 opportunities posted,17 candidates hired,Hiring since May 2022
1,Jivichem Synthesis Private Limited,Machine Learning,Work from home,1 Month,"₹ 25,000 /month",Be an early applicant,58 opportunities posted,4 candidates hired,Hiring since April 2023
2,"Gyde (New York, United States)",Ul Stack Developer (MERN/Next.js + NestJS + Generative AI),Work from home,6 Months,"₹ 8,000 - 15,000 /month",Be an early applicant,1 opportunity posted,N/A,Hiring since May 2025
3,Primetrade.ai,Junior Data Scientist For High-Growth Web3  Trading Platform,Work from home,6 Months,"₹ 10,000 - 15,000 /month",26 applicants,17 opportunities posted,3 candidates hired,Hiring since October 2023
4,Nimrobo AI Pvt Ltd,Artificial Intelligence (AI),Work from home,3 Months,"₹ 6,000 - 9,000 /month",65 applicants,2 opportunities posted,N/A,Hiring since January 2025
5,Pawzz Foundation,14 Days Virtual Charity Drive,Work from home,2 Weeks,"₹ 1,500 - 15,000 lump sum",Be an early applicant,392 opportunities posted,2416 candidates hired,Hiring since August 2024
6,International Institute Of SDGs & Public Policy Research,AI Agent Making,Work from home,3 Months,Unpaid,36 applicants,303 opportunities posted,1499 candidates hired,Hiring since August 2021
7,The Trading Fox,Human Resources (HR),Jaipur,3 Months,"₹ 10,000 - 15,000 /month",66 applicants,43 opportunities posted,N/A,Hiring since October 2024
8,Chit1 Studios,HR Consultant,"Chandigarh, Kharar, Rajpura, Mohali, Panchkula",3 Months,"₹ 8,000 - 10,000 /month",Be an early applicant,25 opportunities posted,N/A,Hiring since September 2021
9,The Grand Heritage Resorts Pune,Marketing,Pune                                                    (Hybrid),6 Months,"₹ 6,000 - 10,000 /month",Be an early applicant,1 opportunity posted,N/A,Hiring since May 2025
10,Arealis Networks Pvt. Ltd.,UrbanTech Operations,Pune                                                    (Hybrid),3 Months,"₹ 3,000 - 5,000 /month",99 applicants,1 opportunity posted,1 candidate hired,Hiring since May 2025
11,Corporate Connections,Operations,Rajkot,3 Months,"₹ 15,000 /month",Be an early applicant,1 opportunity posted,N/A,Hiring since April 2025
12,International Institute Of SDGs & Public Policy Research,Convolutional Neural Network(CNN),Work from home,3 Months,Unpaid,Be an early applicant,303 opportunities posted,1499 candidates hired,Hiring since August 2021
13,International Institute Of SDGs & Public Policy Research,Web Scrapping,Work from home,3 Months,Unpaid,Be an early applicant,303 opportunities posted,1499 candidates hired,Hiring since August 2021
14,Litmus Media Private Limited,Digital Marketing,Work from home,3 Months,"₹ 5,000 - 6,000 /month",Be an early applicant,1 opportunity posted,N/A,Hiring since May 2025
15,Aadhvik Technologies,Machine Learning,Work from home,1 Month,"₹ 1,000 - 2,000 /month",Be an early applicant,522 opportunities posted,5 candidates hired,Hiring since June 2024
16,Pawzz,Social Service,Work from home,1 Month,"₹ 1,500 - 15,000 /month",Be an early applicant,2357 opportunities posted,8775 candidates hired,Hiring since January 2020
17,Pawzz,Business Consultant,Work from home,3 Weeks,"₹ 1,500 - 15,000 /month",Be an early applicant,2357 opportunities posted,8775 candidates hired,Hiring since January 2020
18,Graveiens Eduservices Private Limited,Hindi Speaker,Work from home,3 Months,"₹ 10,000 - 20,000 /month",88 applicants,535 opportunities posted,20 candidates hired,Hiring since October 2023
19,Nxtcode,Data Analytics,Work from home,3 Months,"₹ 7,500 - 15,000 /month",139 applicants,35 opportunities posted,1 candidate hired,Hiring since May 2025
20,Nxtcode,Machine Learning,Work from home,3 Months,"₹ 7,500 - 15,000 /month",85 applicants,35 opportunities posted,1 candidate hired,Hiring since May 2025
21,CollegeTips Ed Tech Media Private Limited,Artificial Intelligence (AI),Work from home,1 Month,"₹ 10,000 - 25,000 /month",340 applicants,552 opportunities posted,17 candidates hired,Hiring since May 2022
22,CollegeTips Ed Tech Media Private Limited,Data Analytics,Work from home,1 Month,"₹ 10,000 - 25,000 /month",411 applicants,552 opportunities posted,17 candidates hired,Hiring since May 2022
23,Jivichem Synthesis Private Limited,Digital Marketing,Work from home,2 Months,"₹ 12,000 /month",272 applicants,58 opportunities posted,4 candidates hired,Hiring since April 2023
24,Budding Mariners,Operations Manager,Work from home,4 Months,"₹ 3,000 /month",127 applicants,544 opportunities posted,276 candidates hired,Hiring since May 2023
25,Techiesms,Internet Of Things (IoT),Ahmedabad,6 Months,"₹ 4,000 - 5,000 /month",41 applicants,44 opportunities posted,5 candidates hired,Hiring since February 2020
26,Brajdham Power Pvt. Ltd.,Research Associate,Jaipur,5 Months,"₹ 10,000 - 12,000 /month",64 applicants,1 opportunity posted,N/A,Hiring since May 2025
27,Maxgen Technologies Private Limited,Machine Learning,Ahmedabad,3 Months,"₹ 7,000 - 12,000 /month",196 applicants,128 opportunities posted,N/A,Hiring since November 2024
28,Vision My Art,Search Engine Optimization (SEO),Noida,6 Months,"₹ 8,000 - 10,000 /month",44 applicants,19 opportunities posted,14 candidates hired,Hiring since May 2018
29,Focelite Goodness India Private Limited,Project Management,"Bangalore, Karnataka",3 Months,"₹ 2,001 - 5,005 /month",37 applicants,8 opportunities posted,3 candidates hired,Hiring since July 2022
30,Aadhvik Technologies,Data Science,Work from home,1 Month,"₹ 1,000 - 2,000 /month",885 applicants,522 opportunities posted,5 candidates hired,Hiring since June 2024
31,Water Town Swim School,Data Analytics,Work from home,4 Months,"₹ 20,000 - 40,000 /month",1000+ applicants,104 opportunities posted,9 candidates hired,Hiring since April 2017
32,Codecraft IT Solutions,Google Ads Expert,Work from home,4 Months,"₹ 3,200 - 7,000 /month",189 applicants,167 opportunities posted,N/A,Hiring since November 2024
33,Codecraft IT Solutions,Google Ads Creator,Work from home,4 Months,"₹ 3,500 - 8,000 /month",210 applicants,167 opportunities posted,N/A,Hiring since November 2024
34,Pawzz,Fundraising,Work from home,2 Weeks,"₹ 1,500 - 10,000 lump sum",171 applicants,2357 opportunities posted,8775 candidates hired,Hiring since January 2020
35,Snapmint Credit Advisory Private Limited,Business Analytics,Bangalore,2 Months,"₹ 30,000 - 40,000 /month",810 applicants,34 opportunities posted,7 candidates hired,Hiring since January 2019
36,Renan Partners,Large Language Model (LLM),Work from home,6 Months,"₹ 5,000 /month",558 applicants,59 opportunities posted,43 candidates hired,Hiring since August 2024
37,DR. SKILL OUTREACH PRIVATE LIMITED,Digital Marketing,"Ahmedabad, Gandhinagar",6 Months,"₹ 7,000 /month",Be an early applicant,1 opportunity posted,N/A,Hiring since May 2025
38,Kkonnect.io,Data Analytics,Bangalore,3 Months,"₹ 10,000 - 15,000 /month",848 applicants,9 opportunities posted,5 candidates hired,Hiring since February 2024
39,Deepnexus S,Data Analytics,Work from home,3 Months,"₹ 3,000 - 7,000 /month",1000+ applicants,61 opportunities posted,N/A,Hiring since February 2025
40,Jivichem Synthesis Private Limited,Artificial Intelligence (AI),Work from home,1 Month,"₹ 22,000 /month",1000+ applicants,58 opportunities posted,4 candidates hired,Hiring since April 2023
41,Jivichem Synthesis Private Limited,Data Science,Work from home,1 Month,"₹ 22,000 /month",1000+ applicants,58 opportunities posted,4 candidates hired,Hiring since April 2023
42,Pehchaan AI Technologies,Software Developer – AI Agent Systems,Work from home,6 Months,"₹ 10,000 - 15,000 /month",822 applicants,20 opportunities posted,2 candidates hired,Hiring since April 2024
43,StoryMirror Infotech Private Limited,Software Development,Mumbai,4 Months,"₹ 10,000 - 40,000 /month",846 applicants,12 opportunities posted,1 candidate hired,Hiring since October 2024
44,MentorBoxx,Machine Learning,Work from home,2 Months,"₹ 10,000 /month",1000+ applicants,1720 opportunities posted,13 candidates hired,Hiring since April 2021
45,MentorBoxx,Data Science,Work from home,1 Month,"₹ 10,000 /month",1000+ applicants,1720 opportunities posted,13 candidates hired,Hiring since April 2021
46,Clink,AI Agent Development,Work from home,3 Months,"₹ 15,000 - 25,000 /month",286 applicants,7 opportunities posted,5 candidates hired,Hiring since October 2024
47,NDFM Business World Pvt. Ltd.,Machine Learning,Work from home,6 Weeks,"₹ 5,000 - 7,000 /month",1000+ applicants,2 opportunities posted,N/A,Hiring since May 2025
48,Settyl,Artificial Intelligence (AI),Chennai,6 Months,"₹ 12,000 - 15,000 /month",703 applicants,93 opportunities posted,71 candidates hired,Hiring since February 2021
49,Resolute AI Software Private Limited,GenAI/LLM,Work from home,6 Months,"₹ 5,000 - 8,000 /month",354 applicants,192 opportunities posted,35 candidates hired,Hiring since June 2020
50,Underpin Services,Game Analyst,"Delhi, Noida",6 Months,"₹ 15,000 /month",309 applicants,22 opportunities posted,7 candidates hired,Hiring since August 2024
51,Talent Corner HR Services,Chatbot,Mumbai,3 Months,"₹ 15,000 lump sum",321 applicants,874 opportunities posted,173 candidates hired,Hiring since March 2020
52,Amart Global,Artificial Neural Networks,Work from home,6 Months,Unpaid,287 applicants,1 opportunity posted,N/A,Hiring since May 2025
53,Daten & Wissen Private Limited,Data Annotation,Mumbai,6 Months,"₹ 4,500 - 5,000 /month",56 applicants,82 opportunities posted,9 candidates hired,Hiring since October 2021
54,AI Certs,Artificial Intelligence (AI),Work from home,5 Months,"₹ 15,000 - 20,000 /month",551 applicants,107 opportunities posted,8 candidates hired,Hiring since March 2024
55,Emoolar Technology Private Limited,Data Science,Work from home,3 Months,"₹ 5,000 - 7,000 /month",1000+ applicants,94 opportunities posted,15 candidates hired,Hiring since August 2021
56,International Institute Of SDGs & Public Policy Research,Causal Machine Learning,Work from home,3 Months,Unpaid,226 applicants,303 opportunities posted,1499 candidates hired,Hiring since August 2021
57,iTech Mission Private Limited,Python Development,"Delhi, Gurgaon, Noida",6 Months,"₹ 15,000 /month",399 applicants,211 opportunities posted,33 candidates hired,Hiring since March 2017
58,Credex,Web Development,Work from home,3 Months,"₹ 13,000 - 20,000 /month",1000+ applicants,3 opportunities posted,N/A,Hiring since May 2025
59,WiseAnalytics,Data Visualisation,Bangalore,2 Months,"₹ 2,000 - 20,000 /month",452 applicants,6 opportunities posted,N/A,Hiring since May 2025
60,Step Consultancy,Artificial Intelligence (AI),Work from home,6 Months,"₹ 10,000 - 20,000 /month",1000+ applicants,7 opportunities posted,N/A,Hiring since July 2024
61,Aditya Jha,Product Management,Bangalore,3 Months,"₹ 20,000 - 35,000 /month",545 applicants,6 opportunities posted,N/A,Hiring since October 2024
62,Buddha Education Association Incorporation,Machine Learning,Work from home,2 Months,"₹ 10,000 /month",1000+ applicants,2123 opportunities posted,13 candidates hired,Hiring since September 2020
63,WiseAnalytics,Data Science,Bangalore,2 Months,"₹ 2,000 - 20,000 /month",605 applicants,6 opportunities posted,N/A,Hiring since May 2025
64,Megaminds IT Services,Data Science AI&ML Python Research,Work from home,6 Months,"₹ 1,000 - 10,000 /month",832 applicants,312 opportunities posted,83 candidates hired,Hiring since March 2019
65,Across The Globe (ATG),Python Developer (Serverless),Work from home,6 Months,"₹ 2,500 - 5,000 /month",Be an early applicant,3460 opportunities posted,775 candidates hired,Hiring since January 2016
66,Kishore Ganth D,"Senior Frontend Developer – React, Next.js, UI/UX",Work from home,4 Months,"₹ 12,000 /month",39 applicants,11 opportunities posted,10 candidates hired,Hiring since February 2024
67,Alkraj Developers Private Limited,Full Stack Development,Work from home,3 Months,"₹ 4,000 - 5,000 /month",47 applicants,25 opportunities posted,18 candidates hired,Hiring since April 2023
68,Primetrade.ai,Junior Python Developer For Crypto Trading Bot,Work from home,6 Months,"₹ 10,000 - 15,000 /month",47 applicants,17 opportunities posted,3 candidates hired,Hiring since October 2023
69,Offiql Technologies Private Limited,Flutter Development,Work from home,3 Months,"₹ 6,000 - 10,000 /month",Be an early applicant,3 opportunities posted,1 candidate hired,Hiring since December 2024
70,Sports Aid,Full Stack Development,Work from home,2 Months,"₹ 35,000 - 45,000 /month",132 applicants,1 opportunity posted,N/A,Hiring since May 2025
71,Nxtcode,Web Development,Work from home,3 Months,"₹ 7,500 - 15,000 /month",184 applicants,35 opportunities posted,1 candidate hired,Hiring since May 2025
72,Maxgen Technologies Private Limited,Flutter Developer,Ahmedabad,3 Months,"₹ 7,000 - 12,000 /month",Be an early applicant,128 opportunities posted,N/A,Hiring since November 2024
73,CollegeTips Ed Tech Media Private Limited,Web Development,Work from home,1 Month,"₹ 10,000 - 25,000 /month",697 applicants,552 opportunities posted,17 candidates hired,Hiring since May 2022
74,Jivichem Synthesis Private Limited,Web Development,Work from home,1 Month,"₹ 6,000 /month",1000+ applicants,58 opportunities posted,4 candidates hired,Hiring since April 2023
75,Ghackk Technologies,Software Development Engineering (Web),Work from home,2 Months,"₹ 1,000 /month",532 applicants,70 opportunities posted,21 candidates hired,Hiring since March 2024
76,Ghackk Technologies,Software Development Engineering (Web),Bhagalpur,2 Months,"₹ 2,000 /month",168 applicants,70 opportunities posted,21 candidates hired,Hiring since March 2024
77,Aadhvik Technologies,Front End Development,Work from home,1 Month,"₹ 1,000 - 2,000 /month",979 applicants,522 opportunities posted,5 candidates hired,Hiring since June 2024
78,Adsoftwaresolutions,.NET Development,Delhi,1 Week,"₹ 2,000 /month",Be an early applicant,3 opportunities posted,N/A,Hiring since March 2024
79,Maxgen Technologies Private Limited,Web Development,Pune,2 Months,"₹ 7,000 - 12,000 /month",453 applicants,128 opportunities posted,N/A,Hiring since November 2024
80,Maxgen Technologies Private Limited,Node.js Development,"Ahmedabad, Rajkot",3 Months,"₹ 7,000 - 12,000 /month",200 applicants,128 opportunities posted,N/A,Hiring since November 2024
81,Simulas,Web Development,Ahmedabad,6 Months,"₹ 8,000 - 10,000 /month",59 applicants,27 opportunities posted,11 candidates hired,Hiring since March 2021
82,Bridge2job,WordPress Develoment,Work from home,6 Months,"₹ 10,000 /month",466 applicants,48 opportunities posted,N/A,Hiring since April 2025
83,Bridge2job,Junior WordPress Development,Work from home,6 Months,"₹ 10,000 /month",382 applicants,48 opportunities posted,N/A,Hiring since April 2025
84,Infits,Flutter Development,Work from home,3 Months,"₹ 5,000 - 6,000 /month",209 applicants,43 opportunities posted,18 candidates hired,Hiring since April 2024
85,Kaushal Ranjeet Private Limited,React/ Node Js Live Project Expert,Work from home,3 Months,"₹ 7,000 - 12,000 /month",1000+ applicants,29 opportunities posted,4 candidates hired,Hiring since March 2025
86,DEVNEURAL,WordPress Development,Work from home,1 Month,"₹ 5,000 /month",435 applicants,10 opportunities posted,5 candidates hired,Hiring since August 2024
87,Aadhvik Technologies,Java Development,Work from home,1 Month,"₹ 1,000 - 2,000 /month",964 applicants,522 opportunities posted,5 candidates hired,Hiring since June 2024
88,Aadhvik Technologies,Full Stack Development,Work from home,1 Month,"₹ 1,000 - 2,000 /month",1000+ applicants,522 opportunities posted,5 candidates hired,Hiring since June 2024
89,Aadhvik Technologies,Python Development,Work from home,1 Month,"₹ 1,000 - 2,000 /month",1000+ applicants,522 opportunities posted,5 candidates hired,Hiring since June 2024
90,Icpure India Pvt Ltd,WordPress Development,Delhi,3 Months,"₹ 5,000 - 10,000 /month",82 applicants,1 opportunity posted,N/A,Hiring since May 2025
91,Sedani Digital Private Limited,Software Development Engineering (Web),Work from home,6 Months,"₹ 3,000 /month",965 applicants,36 opportunities posted,11 candidates hired,Hiring since July 2024
92,Furora Pets And Services,WordPress Development,Work from home,4 Months,"₹ 2,000 /month",253 applicants,2 opportunities posted,2 candidates hired,Hiring since April 2025
93,Lawtech,Javascript Developer,Work from home,3 Months,"₹ 7,000 - 10,000 /month",1000+ applicants,942 opportunities posted,6 candidates hired,Hiring since July 2022
94,Whatbytes,Backend Development,Work from home,6 Months,"₹ 10,000 - 20,000 /month",1000+ applicants,19 opportunities posted,1 candidate hired,Hiring since May 2024
95,ServiceHive,Flutter Development,Work from home,6 Months,"₹ 12,000 - 16,000 /month",432 applicants,10 opportunities posted,3 candidates hired,Hiring since May 2024
96,Bridge2job,Automation Specialist,Work from home,6 Months,"₹ 15,000 /month",339 applicants,48 opportunities posted,N/A,Hiring since April 2025
97,Bridge2job,Automation Expert,Work from home,3 Months,"₹ 15,000 /month",398 applicants,48 opportunities posted,N/A,Hiring since April 2025
98,MentorBoxx,Web Development,Work from home,1 Month,"₹ 10,000 /month",1000+ applicants,1720 opportunities posted,13 candidates hired,Hiring since April 2021
99,ShipTurtle,Front End Development,Ahmedabad,6 Months,"₹ 10,000 - 15,000 /month",96 applicants,14 opportunities posted,N/A,Hiring since March 2023
100,Blaziken Technologies Private Limited,Software Development,Mumbai,6 Months,"₹ 5,000 - 10,000 /month",130 applicants,9 opportunities posted,N/A,Hiring since July 2023
101,Funtastic Event Management Pvt Ltd,Mobile App Development,Work from home,4 Months,"₹ 10,000 - 20,000 /month",Be an early applicant,1 opportunity posted,N/A,Hiring since May 2025
102,NayePankh Foundation,Mobile App Development (Flutter),Work from home,3 Months,Unpaid,57 applicants,1611 opportunities posted,38113 candidates hired,Hiring since November 2022
103,Jivichem Synthesis Private Limited,Android App Development,Work from home,1 Month,"₹ 20,000 /month",683 applicants,58 opportunities posted,4 candidates hired,Hiring since April 2023
104,iGuru Training Solutions,Flutter Development,Hyderabad,3 Months,"₹ 5,000 - 10,000 /month",201 applicants,12 opportunities posted,N/A,Hiring since November 2023
105,Maxgen Technologies Private Limited,Flutter Development,Ahmedabad,3 Months,"₹ 7,000 - 12,000 /month",81 applicants,128 opportunities posted,N/A,Hiring since November 2024
106,RevoltronX,Mobile App Development,Work from home,6 Months,"₹ 2,000 - 5,000 /month",294 applicants,24 opportunities posted,19 candidates hired,Hiring since July 2024
107,Andaz Kumar,Android App Development,Work from home,1 Month,"₹ 5,000 - 62,000 /month",411 applicants,20 opportunities posted,5 candidates hired,Hiring since October 2022
108,Maxgen Technologies Private Limited,Android App Development,Ahmedabad,3 Months,"₹ 7,000 - 12,000 /month",99 applicants,128 opportunities posted,N/A,Hiring since November 2024
109,Celebrare,Kotlin Developer,Work from home,1 Month,"₹ 7,500 /month",236 applicants,333 opportunities posted,131 candidates hired,Hiring since September 2020
110,Niviverse Technologies Private Limited,Flutter Development,Work from home,6 Months,"₹ 4,000 - 5,000 /month",222 applicants,11 opportunities posted,1 candidate hired,Hiring since December 2024
111,AWASTHI DIGITAL,Android App Development,Bhopal                                                    (Hybrid),3 Months,"₹ 5,000 /month",96 applicants,1 opportunity posted,N/A,Hiring since May 2025
112,NextEdge Labs,AI Flutter Development,Work from home,6 Months,"₹ 7,000 /month",177 applicants,314 opportunities posted,41 candidates hired,Hiring since June 2021
113,Buddha Education Association Incorporation,Mobile App Development,Work from home,1 Month,"₹ 10,000 /month",754 applicants,2123 opportunities posted,13 candidates hired,Hiring since September 2020
114,Basti Ki Pathshala Foundation,Flutter Development,Work from home,3 Months,Unpaid,398 applicants,860 opportunities posted,11388 candidates hired,Hiring since February 2024
115,Kajkarma,Mobile App Development,Work from home,6 Months,"₹ 5,000 /month",559 applicants,30 opportunities posted,1 candidate hired,Hiring since October 2024
116,Meru Technosoft Private Limited,Flutter Development,Ahmedabad,6 Months,"₹ 7,000 - 10,000 /month",29 applicants,17 opportunities posted,19 candidates hired,Hiring since February 2025
117,CloudEye Technologies India Private Limited,Full Stack Web Development,Visakhapatnam,2 Months,"₹ 4,000 - 8,000 /month",41 applicants,93 opportunities posted,10 candidates hired,Hiring since May 2017
118,Practice Buzz,Android App Development,Chandigarh,4 Months,"₹ 20,000 - 40,000 /month",272 applicants,102 opportunities posted,4 candidates hired,Hiring since August 2024
119,DEVNEURAL,Mobile App Development,Work from home,2 Months,"₹ 10,000 - 20,000 /month",358 applicants,10 opportunities posted,5 candidates hired,Hiring since August 2024
120,Loan For India,Mobile App Development,Mumbai,3 Months,"₹ 5,000 - 10,000 /month",78 applicants,5 opportunities posted,N/A,Hiring since December 2024
121,Brave Artificial Intelligence Laboratory,Android App Development,Work from home,3 Months,"₹ 15,000 - 25,000 /month",695 applicants,116 opportunities posted,10 candidates hired,Hiring since January 2021
122,Catalift,Mobile App Development,Work from home,4 Months,"₹ 5,000 - 8,000 /month",459 applicants,2 opportunities posted,N/A,Hiring since April 2025
123,MagicMond Global,Flutter Development,Work from home,3 Months,"₹ 20,000 /month",719 applicants,9 opportunities posted,N/A,Hiring since June 2024
124,Emoolar Technology Private Limited,Mobile App Development,Work from home,3 Months,"₹ 5,000 - 7,000 /month",926 applicants,94 opportunities posted,15 candidates hired,Hiring since August 2021
125,Mintosh Advisory,Mobile App Development,Work from home,3 Months,"₹ 3,000 - 5,000 /month",270 applicants,12 opportunities posted,3 candidates hired,Hiring since November 2023
126,Syscon Electro Tech India Private Limited,Mobile Application Developer (Edge-Connected Cloud Streaming),Work from home,4 Months,"₹ 8,000 - 12,000 /month",52 applicants,3 opportunities posted,N/A,Hiring since April 2025
127,Hostelery Stuff,React Native Mobile Developer (Android & IOS Developer),Bareilly                                                    (Hybrid),2 Months,"₹ 8,005 - 10,005 /month",100 applicants,1 opportunity posted,N/A,Hiring since April 2025
128,Techdome Solutions Private Limited,Flutter Development,"Indore, Hyderabad",6 Months,"₹ 10,000 - 15,000 /month",311 applicants,371 opportunities posted,50 candidates hired,Hiring since March 2021
129,Brihat Infotech Private Limited,Mobile App Development,Work from home,3 Months,"₹ 3,000 - 4,000 /month",434 applicants,218 opportunities posted,149 candidates hired,Hiring since May 2023
130,SNS Square Consultancy Services,Flutter Development,Coimbatore,5 Months,"₹ 10,000 /month",34 applicants,1 opportunity posted,N/A,Hiring since April 2025
131,She Can Foundation,Android App Development,Work from home,3 Months,Unpaid,563 applicants,1288 opportunities posted,27050 candidates hired,Hiring since April 2023
132,Supervaisor.AI,Android App Development,Work from home,3 Months,"₹ 20,000 - 35,000 /month",727 applicants,16 opportunities posted,20 candidates hired,Hiring since February 2025
133,Idea Usher,Flutter Development,Work from home,6 Months,"₹ 12,000 - 15,000 /month",433 applicants,723 opportunities posted,177 candidates hired,Hiring since December 2017
134,WES Consultancy & Services Private Limited,Mobile App Development,Raipur,6 Months,"₹ 6,000 - 8,000 /month",Be an early applicant,45 opportunities posted,9 candidates hired,Hiring since February 2018
135,ITGAI Software Solutions Opc Private Limited,Android App Development,Dehradun,3 Months,"₹ 5,000 /month",254 applicants,2 opportunities posted,N/A,Hiring since February 2025
136,Resolute AI Software Private Limited,Technology Lead,Work from home,3 Months,"₹ 10,000 /month",943 applicants,192 opportunities posted,35 candidates hired,Hiring since June 2020
137,Megaminds IT Services,IOT & Cloud Computing,Work from home,6 Months,"₹ 4,000 - 20,000 /month",495 applicants,312 opportunities posted,83 candidates hired,Hiring since March 2019
138,Warewe Consultancy Private Limited,Node.js Development,Gurgaon,2 Months,"₹ 10,000 - 15,000 /month",374 applicants,268 opportunities posted,69 candidates hired,Hiring since October 2016
139,Maxgen Technologies Private Limited,AWS DevOps,Pune,3 Months,"₹ 7,000 - 12,000 /month",224 applicants,128 opportunities posted,N/A,Hiring since November 2024
140,Talent Corner HR Services,Integration Specialist,Mumbai,3 Months,"₹ 15,000 lump sum",35 applicants,874 opportunities posted,173 candidates hired,Hiring since March 2020
141,Talent Corner HR Services,Automation Specialist,Mumbai,3 Months,"₹ 15,000 lump sum",42 applicants,874 opportunities posted,173 candidates hired,Hiring since March 2020
142,Talent Corner HR Services,IT Consultant,Mumbai,3 Months,"₹ 15,000 lump sum",88 applicants,874 opportunities posted,173 candidates hired,Hiring since March 2020
143,IESoft Technologies Private Limited,AWS DevOps Engineer,Mumbai,6 Months,"₹ 20,000 - 2,50,000 /month",246 applicants,333 opportunities posted,30 candidates hired,Hiring since June 2021
144,Bansal Hi-tech Systems Private Limited,Digital Marketing,Gurgaon,3 Months,"₹ 3,000 - 5,000 /month",Be an early applicant,2 opportunities posted,N/A,Hiring since March 2025
145,Talent Corner HR Services,Data Engineer,Mumbai,3 Months,"₹ 15,000 lump sum",258 applicants,874 opportunities posted,173 candidates hired,Hiring since March 2020
146,CipherSchools,Cloud Computing,Work from home,2 Months,"₹ 20,000 - 30,000 /month",508 applicants,206 opportunities posted,54 candidates hired,Hiring since July 2020
147,Spiritual Sutra Pvt. Ltd,Automation Engineer,Mumbai,3 Months,"₹ 10,000 /month",74 applicants,1 opportunity posted,N/A,Hiring since May 2025
148,WiseAnalytics,DevOps,Bangalore,2 Months,"₹ 5,000 - 20,000 /month",224 applicants,6 opportunities posted,N/A,Hiring since May 2025
149,Rentkar-Switch To Share,Full Stack Development,Mumbai,3 Months,"₹ 10,000 - 12,000 /month",148 applicants,1256 opportunities posted,39 candidates hired,Hiring since October 2019
150,Oddmind Innovations,Full Stack Development,Work from home,2 Months,"₹ 5,000 - 7,500 /month",913 applicants,1 opportunity posted,N/A,Hiring since May 2025
151,Pawzz,Recruitment,Work from home,4 Months,"₹ 7,000 - 20,000 /month",848 applicants,765 opportunities posted,4816 candidates hired,Hiring since January 2024
152,Tap In,Backend Development,Work from home,2 Months,"₹ 11,000 - 25,000 /month",956 applicants,18 opportunities posted,2 candidates hired,Hiring since January 2019
153,WebTree Global Private Limited,Full Stack Development,Work from home,3 Months,"₹ 1,001 - 12,000 /month",585 applicants,60 opportunities posted,49 candidates hired,Hiring since February 2023
154,Maxgen Technologies Private Limited,AWS DevOps Engineer,Ahmedabad,3 Months,"₹ 7,000 - 12,000 /month",203 applicants,128 opportunities posted,N/A,Hiring since November 2024
155,Eucloid Data Solutions Private Limited,SQL DEVELOPER,Gurgaon,2 Months,"₹ 30,000 /month",857 applicants,11 opportunities posted,1 candidate hired,Hiring since June 2021
156,OutFlo,Founding Full Stack Role - OutFlo.io (IIT Kharagpur Alum),Bangalore,6 Months,"₹ 20,000 - 25,000 /month",469 applicants,2 opportunities posted,N/A,Hiring since March 2025
157,BigBul,Full Stack Development,Work from home,3 Months,"₹ 2,000 /month",510 applicants,2 opportunities posted,N/A,Hiring since March 2025
158,ROBOKALAM,Artificial Intelligence (AI),Warangal,3 Months,"₹ 15,500 - 40,000 lump sum",553 applicants,33 opportunities posted,13 candidates hired,Hiring since April 2020
159,Chordify Inc.,React Native,Work from home,6 Months,"₹ 8,000 - 10,000 /month",230 applicants,2 opportunities posted,N/A,Hiring since August 2023
160,Radical Global,Software Testing,Nagpur,3 Months,"₹ 2,000 /month",69 applicants,9 opportunities posted,1 candidate hired,Hiring since August 2023
161,The Education Diary,Teaching,Work from home,6 Months,"₹ 5,000 - 7,000 /month",Be an early applicant,6 opportunities posted,11 candidates hired,Hiring since June 2023
162,Aadhvik Technologies,SQL DEVELOPER,Work from home,1 Month,"₹ 1,000 - 2,000 /month",476 applicants,522 opportunities posted,5 candidates hired,Hiring since June 2024
163,Edith Defence Systems Private Limited,C/C++ Qt Development,Navi Mumbai,4 Months,"₹ 12,000 - 15,000 /month",139 applicants,33 opportunities posted,16 candidates hired,Hiring since June 2024
164,Infoware,Quality Analyst,"Ahmedabad, Gandhinagar                                                    (Hybrid)",5 Months,"₹ 13,000 /month",181 applicants,280 opportunities posted,152 candidates hired,Hiring since March 2020
165,Maxgen Technologies Private Limited,Flutter Developer,Ahmedabad,3 Months,"₹ 7,000 - 12,000 /month",Be an early applicant,128 opportunities posted,,Hiring since November 2024
166,NayePankh Foundation,Mobile App Development (Flutter),Work from home,3 Months,Unpaid,55 applicants,1611 opportunities posted,38113 candidates hired,Hiring since November 2022
167,Infits,Flutter Development,Work from home,3 Months,"₹ 5,000 - 6,000 /month",203 applicants,43 opportunities posted,18 candidates hired,Hiring since April 2024
168,Jivichem Synthesis Private Limited,Android App Development,Work from home,1 Month,"₹ 20,000 /month",675 applicants,58 opportunities posted,4 candidates hired,Hiring since April 2023
169,ServiceHive,Flutter Development,Work from home,6 Months,"₹ 12,000 - 16,000 /month",431 applicants,10 opportunities posted,3 candidates hired,Hiring since May 2024
170,iGuru Training Solutions,Flutter Development,Hyderabad,3 Months,"₹ 5,000 - 10,000 /month",199 applicants,12 opportunities posted,,Hiring since November 2023
171,Maxgen Technologies Private Limited,Flutter Development,Ahmedabad,3 Months,"₹ 7,000 - 12,000 /month",81 applicants,128 opportunities posted,,Hiring since November 2024
172,RevoltronX,Mobile App Development,Work from home,6 Months,"₹ 2,000 - 5,000 /month",290 applicants,24 opportunities posted,19 candidates hired,Hiring since July 2024
173,Andaz Kumar,Android App Development,Work from home,1 Month,"₹ 5,000 - 62,000 /month",408 applicants,20 opportunities posted,5 candidates hired,Hiring since October 2022
174,Maxgen Technologies Private Limited,Android App Development,Ahmedabad,3 Months,"₹ 7,000 - 12,000 /month",97 applicants,128 opportunities posted,,Hiring since November 2024
175,Celebrare,Kotlin Developer,Work from home,1 Month,"₹ 7,500 /month",236 applicants,333 opportunities posted,131 candidates hired,Hiring since September 2020
176,Niviverse Technologies Private Limited,Flutter Development,Work from home,6 Months,"₹ 4,000 - 5,000 /month",222 applicants,11 opportunities posted,1 candidate hired,Hiring since December 2024
177,AWASTHI DIGITAL,Android App Development,Bhopal                                                    (Hybrid),3 Months,"₹ 5,000 /month",94 applicants,1 opportunity posted,,Hiring since May 2025
178,NextEdge Labs,AI Flutter Development,Work from home,6 Months,"₹ 7,000 /month",176 applicants,314 opportunities posted,41 candidates hired,Hiring since June 2021
179,Buddha Education Association Incorporation,Mobile App Development,Work from home,1 Month,"₹ 10,000 /month",754 applicants,2123 opportunities posted,13 candidates hired,Hiring since September 2020
180,Basti Ki Pathshala Foundation,Flutter Development,Work from home,3 Months,Unpaid,398 applicants,860 opportunities posted,11388 candidates hired,Hiring since February 2024
181,Kajkarma,Mobile App Development,Work from home,6 Months,"₹ 5,000 /month",559 applicants,30 opportunities posted,1 candidate hired,Hiring since October 2024
182,Meru Technosoft Private Limited,Flutter Development,Ahmedabad,6 Months,"₹ 7,000 - 10,000 /month",29 applicants,17 opportunities posted,19 candidates hired,Hiring since February 2025
183,CloudEye Technologies India Private Limited,Full Stack Web Development,Visakhapatnam,2 Months,"₹ 4,000 - 8,000 /month",41 applicants,93 opportunities posted,10 candidates hired,Hiring since May 2017
184,Practice Buzz,Android App Development,Chandigarh,4 Months,"₹ 20,000 - 40,000 /month",271 applicants,102 opportunities posted,4 candidates hired,Hiring since August 2024
185,DEVNEURAL,Mobile App Development,Work from home,2 Months,"₹ 10,000 - 20,000 /month",358 applicants,10 opportunities posted,5 candidates hired,Hiring since August 2024
186,Loan For India,Mobile App Development,Mumbai,3 Months,"₹ 5,000 - 10,000 /month",78 applicants,5 opportunities posted,,Hiring since December 2024
187,Brave Artificial Intelligence Laboratory,Android App Development,Work from home,3 Months,"₹ 15,000 - 25,000 /month",695 applicants,116 opportunities posted,10 candidates hired,Hiring since January 2021
188,Catalift,Mobile App Development,Work from home,4 Months,"₹ 5,000 - 8,000 /month",458 applicants,2 opportunities posted,,Hiring since April 2025
189,MagicMond Global,Flutter Development,Work from home,3 Months,"₹ 20,000 /month",717 applicants,9 opportunities posted,,Hiring since June 2024
190,Emoolar Technology Private Limited,Mobile App Development,Work from home,3 Months,"₹ 5,000 - 7,000 /month",925 applicants,94 opportunities posted,15 candidates hired,Hiring since August 2021
191,Mintosh Advisory,Mobile App Development,Work from home,3 Months,"₹ 3,000 - 5,000 /month",270 applicants,12 opportunities posted,3 candidates hired,Hiring since November 2023
192,Syscon Electro Tech India Private Limited,Mobile Application Developer (Edge-Connected Cloud Streaming),Work from home,4 Months,"₹ 8,000 - 12,000 /month",52 applicants,3 opportunities posted,,Hiring since April 2025
193,Hostelery Stuff,React Native Mobile Developer (Android & IOS Developer),Bareilly                                                    (Hybrid),2 Months,"₹ 8,005 - 10,005 /month",100 applicants,1 opportunity posted,,Hiring since April 2025
194,Techdome Solutions Private Limited,Flutter Development,"Indore, Hyderabad",6 Months,"₹ 10,000 - 15,000 /month",311 applicants,371 opportunities posted,50 candidates hired,Hiring since March 2021
195,Brihat Infotech Private Limited,Mobile App Development,Work from home,3 Months,"₹ 3,000 - 4,000 /month",433 applicants,218 opportunities posted,149 candidates hired,Hiring since May 2023
196,SNS Square Consultancy Services,Flutter Development,Coimbatore,5 Months,"₹ 10,000 /month",34 applicants,1 opportunity posted,,Hiring since April 2025
197,She Can Foundation,Android App Development,Work from home,3 Months,Unpaid,563 applicants,1288 opportunities posted,27050 candidates hired,Hiring since April 2023
198,Supervaisor.AI,Android App Development,Work from home,3 Months,"₹ 20,000 - 35,000 /month",726 applicants,16 opportunities posted,20 candidates hired,Hiring since February 2025
199,Idea Usher,Flutter Development,Work from home,6 Months,"₹ 12,000 - 15,000 /month",433 applicants,723 opportunities posted,177 candidates hired,Hiring since December 2017
200,WES Consultancy & Services Private Limited,Mobile App Development,Raipur,6 Months,"₹ 6,000 - 8,000 /month",Be an early applicant,45 opportunities posted,9 candidates hired,Hiring since February 2018
201,ITGAI Software Solutions Opc Private Limited,Android App Development,Dehradun,3 Months,"₹ 5,000 /month",254 applicants,2 opportunities posted,,Hiring since February 2025
202,Resolute AI Software Private Limited,Technology Lead,Work from home,3 Months,"₹ 10,000 /month",943 applicants,192 opportunities posted,35 candidates hired,Hiring since June 2020
203,Velozity Global Solutions,Flutter Development,Chennai,6 Months,"₹ 15,000 - 20,000 /month",501 applicants,646 opportunities posted,140 candidates hired,Hiring since June 2021
204,TRUE FILES INDIA LLP,Android App Development,Varanasi,3 Months,"₹ 7,000 - 18,000 /month",Be an early applicant,5 opportunities posted,,Hiring since February 2025
205,Water Town Swim School,Data Analytics,Work from home,4 Months,"₹ 20,000 - 40,000 /month",1000+ applicants,104 opportunities posted,9 candidates hired,Hiring since April 2017
206,Megaminds IT Services,IOT & Cloud Computing,Work from home,6 Months,"₹ 4,000 - 20,000 /month",487 applicants,312 opportunities posted,83 candidates hired,Hiring since March 2019
207,India Accelerator,AWS/Azure Cloud Developer,Gurgaon,3 Months,"₹ 10,000 - 12,000 /month",147 applicants,3 opportunities posted,,Hiring since March 2025
208,Warewe Consultancy Private Limited,Node.js Development,Gurgaon,2 Months,"₹ 10,000 - 15,000 /month",365 applicants,268 opportunities posted,69 candidates hired,Hiring since October 2016
209,Maxgen Technologies Private Limited,AWS DevOps,Pune,3 Months,"₹ 7,000 - 12,000 /month",216 applicants,128 opportunities posted,,Hiring since November 2024
210,Talent Corner HR Services,Integration Specialist,Mumbai,3 Months,"₹ 15,000 lump sum",33 applicants,874 opportunities posted,173 candidates hired,Hiring since March 2020
211,Talent Corner HR Services,Automation Specialist,Mumbai,3 Months,"₹ 15,000 lump sum",41 applicants,874 opportunities posted,173 candidates hired,Hiring since March 2020
212,Talent Corner HR Services,IT Consultant,Mumbai,3 Months,"₹ 15,000 lump sum",88 applicants,874 opportunities posted,173 candidates hired,Hiring since March 2020
213,IESoft Technologies Private Limited,AWS DevOps Engineer,Mumbai,6 Months,"₹ 20,000 - 2,50,000 /month",243 applicants,333 opportunities posted,30 candidates hired,Hiring since June 2021
214,Bansal Hi-tech Systems Private Limited,Digital Marketing,Gurgaon,3 Months,"₹ 3,000 - 5,000 /month",Be an early applicant,2 opportunities posted,,Hiring since March 2025
215,Talent Corner HR Services,Data Engineer,Mumbai,3 Months,"₹ 15,000 lump sum",256 applicants,874 opportunities posted,173 candidates hired,Hiring since March 2020
216,Settyl,Artificial Intelligence (AI),Chennai,6 Months,"₹ 12,000 - 15,000 /month",692 applicants,93 opportunities posted,71 candidates hired,Hiring since February 2021
217,Resolute AI Software Private Limited,GenAI/LLM,Work from home,6 Months,"₹ 5,000 - 8,000 /month",351 applicants,192 opportunities posted,35 candidates hired,Hiring since June 2020
218,CipherSchools,Cloud Computing,Work from home,2 Months,"₹ 20,000 - 30,000 /month",505 applicants,206 opportunities posted,54 candidates hired,Hiring since July 2020
219,Spiritual Sutra Pvt. Ltd,Automation Engineer,Mumbai,3 Months,"₹ 10,000 /month",74 applicants,1 opportunity posted,,Hiring since May 2025
220,WiseAnalytics,DevOps,Bangalore,2 Months,"₹ 5,000 - 20,000 /month",223 applicants,6 opportunities posted,,Hiring since May 2025
221,Rentkar-Switch To Share,Full Stack Development,Mumbai,3 Months,"₹ 10,000 - 12,000 /month",147 applicants,1256 opportunities posted,39 candidates hired,Hiring since October 2019
222,Oddmind Innovations,Full Stack Development,Work from home,2 Months,"₹ 5,000 - 7,500 /month",909 applicants,1 opportunity posted,,Hiring since May 2025
223,Pawzz,Recruitment,Work from home,4 Months,"₹ 7,000 - 20,000 /month",845 applicants,763 opportunities posted,4816 candidates hired,Hiring since January 2024
224,Tap In,Backend Development,Work from home,2 Months,"₹ 11,000 - 25,000 /month",947 applicants,18 opportunities posted,2 candidates hired,Hiring since January 2019
225,WebTree Global Private Limited,Full Stack Development,Work from home,3 Months,"₹ 1,001 - 12,000 /month",584 applicants,60 opportunities posted,49 candidates hired,Hiring since February 2023
226,Maxgen Technologies Private Limited,AWS DevOps Engineer,Ahmedabad,3 Months,"₹ 7,000 - 12,000 /month",203 applicants,128 opportunities posted,,Hiring since November 2024
227,Eucloid Data Solutions Private Limited,SQL DEVELOPER,Gurgaon,2 Months,"₹ 30,000 /month",853 applicants,11 opportunities posted,1 candidate hired,Hiring since June 2021
228,OutFlo,Founding Full Stack Role - OutFlo.io (IIT Kharagpur Alum),Bangalore,6 Months,"₹ 20,000 - 25,000 /month",467 applicants,2 opportunities posted,,Hiring since March 2025
229,BigBul,Full Stack Development,Work from home,3 Months,"₹ 2,000 /month",508 applicants,2 opportunities posted,,Hiring since March 2025
230,ROBOKALAM,Artificial Intelligence (AI),Warangal,3 Months,"₹ 15,500 - 40,000 lump sum",550 applicants,33 opportunities posted,13 candidates hired,Hiring since April 2020
231,Chordify Inc.,React Native,Work from home,6 Months,"₹ 8,000 - 10,000 /month",230 applicants,2 opportunities posted,,Hiring since August 2023
232,ProSkep Solutions LLP,Associate Consultant,"Delhi, Gurgaon, Noida                                                    (Hybrid)",4 Months,"₹ 10,000 - 15,000 /month",55 applicants,2 opportunities posted,,Hiring since April 2025
233,1Cell.ai,Business Analytics,Mumbai,6 Months,"₹ 12,000 /month",916 applicants,1 opportunity posted,,Hiring since April 2025
234,Baweja Media,Performance Marketing,Work from home,6 Months,"₹ 8,000 - 10,000 /month",166 applicants,255 opportunities posted,13 candidates hired,Hiring since September 2022
235,The Grand Heritage Resorts Pune,Marketing,Pune                                                    (Hybrid),6 Months,"₹ 6,000 - 10,000 /month",Be an early applicant,1 opportunity posted,,Hiring since May 2025
236,Chit1 Studios,HR Consultant,"Chandigarh, Kharar, Rajpura, Mohali, Panchkula",3 Months,"₹ 8,000 - 10,000 /month",Be an early applicant,25 opportunities posted,,Hiring since September 2021
237,Arealis Networks Pvt. Ltd.,UrbanTech Operations,Pune                                                    (Hybrid),3 Months,"₹ 3,000 - 5,000 /month",44 applicants,1 opportunity posted,,Hiring since May 2025
238,BEOM Commerce Private Limited,Digital Marketing,Gurgaon,3 Months,"₹ 10,000 - 20,000 /month",88 applicants,5 opportunities posted,1 candidate hired,Hiring since April 2025
239,MiBOT Ventures India Private Limited,Robotics Engineer,Chennai,4 Months,"₹ 5,000 - 7,500 /month",43 applicants,6 opportunities posted,4 candidates hired,Hiring since August 2024
240,Graveiens Eduservices Private Limited,Gujarati Speaker,Work from home,3 Months,"₹ 10,000 - 20,000 /month",Be an early applicant,527 opportunities posted,20 candidates hired,Hiring since October 2023
241,Pernitty,Digital Marketing,Ahmedabad,2 Months,"₹ 8,000 - 12,000 /month",35 applicants,6 opportunities posted,4 candidates hired,Hiring since January 2024
242,Heavenly Secrets Private Limited,Automation - Supply Chain,Mumbai,6 Months,"₹ 15,000 /month",85 applicants,6 opportunities posted,,Hiring since August 2024
243,Tcules UX Studio,Visual Design,Ahmedabad,6 Months,"₹ 20,000 - 30,000 /month",113 applicants,4 opportunities posted,,Hiring since September 2024
244,Digitopper,Digital Marketing,Delhi,3 Months,"₹ 17,000 - 30,000 /month",62 applicants,9 opportunities posted,3 candidates hired,Hiring since October 2024
245,Corporate Connections,Operations,Rajkot,3 Months,"₹ 15,000 /month",Be an early applicant,1 opportunity posted,,Hiring since April 2025
246,CloudBird Digital Private Limited,Subject Matter Expert (SME),Work from home,3 Months,"₹ 8,000 /month",91 applicants,969 opportunities posted,86 candidates hired,Hiring since April 2019
247,Digital GK,Search Engine Optimization (SEO),Jaipur,3 Months,"₹ 5,000 - 8,000 /month",45 applicants,2 opportunities posted,,Hiring since April 2025
248,Collective Artists Network,Graphic Design,Mumbai,3 Months,"₹ 5,000 - 7,000 /month",44 applicants,21 opportunities posted,,Hiring since January 2025
249,EnchantXP Experiences Pvt. Ltd.,Travel Research & Product Testing,Gurgaon,2 Months,"₹ 5,000 - 7,000 /month",113 applicants,1 opportunity posted,,Hiring since May 2025
250,Himalaya Labs,Artificial Intelligence (AI),Work from home,4 Months,"₹ 8,000 /month",Be an early applicant,219 opportunities posted,60 candidates hired,Hiring since July 2017
251,Snapmint Credit Advisory Private Limited,Business Analytics,Bangalore,2 Months,"₹ 30,000 - 40,000 /month",133 applicants,34 opportunities posted,7 candidates hired,Hiring since January 2019
252,Renan Partners,Large Language Model (LLM),Work from home,6 Months,"₹ 5,000 /month",114 applicants,59 opportunities posted,43 candidates hired,Hiring since August 2024
253,Kkonnect.io,Data Analytics,Bangalore,3 Months,"₹ 10,000 - 15,000 /month",162 applicants,9 opportunities posted,5 candidates hired,Hiring since February 2024
254,Deepnexus S,Data Analytics,Work from home,3 Months,"₹ 3,000 - 7,000 /month",285 applicants,61 opportunities posted,,Hiring since February 2025
255,Lawtech,Email Marketing Manager,Work from home,3 Months,"₹ 6,000 - 8,000 /month",26 applicants,940 opportunities posted,6 candidates hired,Hiring since July 2022
256,SurePass Technologies Private Limited,Data Analytics,"Delhi, Pitampura",3 Months,"₹ 10,000 - 15,000 /month",67 applicants,9 opportunities posted,,Hiring since January 2024
257,Coprotect Venture,Robotics Development Internship,Gandhinagar,4 Months,"₹ 6,000 - 10,000 /month",Be an early applicant,1 opportunity posted,,Hiring since May 2025
258,Jivichem Synthesis Private Limited,Artificial Intelligence (AI),Work from home,1 Month,"₹ 22,000 /month",511 applicants,58 opportunities posted,4 candidates hired,Hiring since April 2023
259,Jivichem Synthesis Private Limited,Data Science,Work from home,1 Month,"₹ 22,000 /month",437 applicants,58 opportunities posted,4 candidates hired,Hiring since April 2023
260,Lawtech,Norcet + NCLEX Exam Content Curation,Work from home,3 Months,"₹ 6,000 - 8,000 /month",Be an early applicant,940 opportunities posted,6 candidates hired,Hiring since July 2022
261,Next Move Strategy Consulting,Market Research,Work from home,2 Months,"₹ 3,000 - 6,000 /month",66 applicants,1 opportunity posted,,Hiring since May 2025
262,Next Move Strategy Consulting,Market Research,Work from home,2 Months,"₹ 3,000 - 6,000 /month",41 applicants,1 opportunity posted,,Hiring since May 2025
263,Pehchaan AI Technologies,Software Developer – AI Agent Systems,Work from home,6 Months,"₹ 10,000 - 15,000 /month",264 applicants,20 opportunities posted,2 candidates hired,Hiring since April 2024
264,Muenot,Subject Matter Expert (SME),Work from home,3 Months,"₹ 15,000 - 30,000 /month",87 applicants,51 opportunities posted,11 candidates hired,Hiring since April 2022
265,StoryMirror Infotech Private Limited,Software Development,Mumbai,4 Months,"₹ 10,000 - 40,000 /month",254 applicants,12 opportunities posted,1 candidate hired,Hiring since October 2024
266,MentorBoxx,Machine Learning,Work from home,2 Months,"₹ 10,000 /month",447 applicants,1719 opportunities posted,13 candidates hired,Hiring since April 2021
267,MentorBoxx,Digital Marketing,"Chennai, Coimbatore, Delhi, Gurgaon, Lucknow, Patna, Pune, Ranchi, Hyderabad, Mumbai, Varanasi, Jaipur, Noida, Bangalore, Andhra Tharhi",2 Months,"₹ 10,000 /month",129 applicants,1719 opportunities posted,13 candidates hired,Hiring since April 2021
268,MentorBoxx,Data Science,Work from home,1 Month,"₹ 10,000 /month",371 applicants,1719 opportunities posted,13 candidates hired,Hiring since April 2021
269,Anovate,Content Development (Analytics),Work from home,2 Months,"₹ 10,000 - 15,000 /month",87 applicants,1 opportunity posted,,Hiring since May 2025
270,UnleashX,Search Engine Optimization (SEO),Gurgaon,3 Months,"₹ 15,000 - 17,000 /month",Be an early applicant,1 opportunity posted,,Hiring since May 2025
271,Solvitude,Quality Assurance (Business & Technology),Work from home,2 Months,"₹ 3,000 - 7,000 /month",94 applicants,370 opportunities posted,84 candidates hired,Hiring since April 2023
272,Pawzz Foundation,Project Management,Work from home,1 Month,"₹ 1,500 - 15,000 /month",166 applicants,388 opportunities posted,2416 candidates hired,Hiring since August 2024
273,Clink,AI Agent Development,Work from home,3 Months,"₹ 15,000 - 25,000 /month",138 applicants,7 opportunities posted,5 candidates hired,Hiring since October 2024
274,Talent Corner HR Services,IT Consultant,Mumbai,3 Months,"₹ 15,000 lump sum",33 applicants,874 opportunities posted,173 candidates hired,Hiring since March 2020
275,Arealis Networks Pvt. Ltd.,UrbanTech Operations,Pune                                                    (Hybrid),3 Months,"₹ 3,000 - 5,000 /month",45 applicants,1 opportunity posted,,Hiring since May 2025
276,Renan Partners,Large Language Model (LLM),Work from home,6 Months,"₹ 5,000 /month",127 applicants,59 opportunities posted,43 candidates hired,Hiring since August 2024
277,Kkonnect.io,Data Analytics,Bangalore,3 Months,"₹ 10,000 - 15,000 /month",166 applicants,9 opportunities posted,5 candidates hired,Hiring since February 2024
278,Coprotect Venture,Robotics Development Internship,Gandhinagar,4 Months,"₹ 6,000 - 10,000 /month",26 applicants,1 opportunity posted,,Hiring since May 2025
279,Jivichem Synthesis Private Limited,Artificial Intelligence (AI),Work from home,1 Month,"₹ 22,000 /month",538 applicants,58 opportunities posted,4 candidates hired,Hiring since April 2023
280,Jivichem Synthesis Private Limited,Data Science,Work from home,1 Month,"₹ 22,000 /month",468 applicants,58 opportunities posted,4 candidates hired,Hiring since April 2023
281,Pehchaan AI Technologies,Software Developer – AI Agent Systems,Work from home,6 Months,"₹ 10,000 - 15,000 /month",279 applicants,20 opportunities posted,2 candidates hired,Hiring since April 2024
282,StoryMirror Infotech Private Limited,Software Development,Mumbai,4 Months,"₹ 10,000 - 40,000 /month",265 applicants,12 opportunities posted,1 candidate hired,Hiring since October 2024
283,MentorBoxx,Machine Learning,Work from home,2 Months,"₹ 10,000 /month",472 applicants,1719 opportunities posted,13 candidates hired,Hiring since April 2021
284,MentorBoxx,Data Science,Work from home,1 Month,"₹ 10,000 /month",385 applicants,1719 opportunities posted,13 candidates hired,Hiring since April 2021
285,Clink,AI Agent Development,Work from home,3 Months,"₹ 15,000 - 25,000 /month",142 applicants,7 opportunities posted,5 candidates hired,Hiring since October 2024
286,Nxtcode,Machine Learning,Work from home,3 Months,"₹ 7,500 - 15,000 /month",383 applicants,26 opportunities posted,1 candidate hired,Hiring since May 2025
287,NDFM Business World Pvt. Ltd.,Machine Learning,Work from home,6 Weeks,"₹ 5,000 - 7,000 /month",1000+ applicants,2 opportunities posted,,Hiring since May 2025
288,Aadhvik Technologies,Machine Learning,Work from home,1 Month,"₹ 1,000 - 2,000 /month",491 applicants,514 opportunities posted,5 candidates hired,Hiring since June 2024
289,Settyl,Artificial Intelligence (AI),Chennai,6 Months,"₹ 12,000 - 15,000 /month",440 applicants,93 opportunities posted,71 candidates hired,Hiring since February 2021
290,Resolute AI Software Private Limited,GenAI/LLM,Work from home,6 Months,"₹ 5,000 - 8,000 /month",250 applicants,192 opportunities posted,35 candidates hired,Hiring since June 2020
291,Underpin Services,Game Analyst,"Delhi, Noida",6 Months,"₹ 15,000 /month",202 applicants,22 opportunities posted,7 candidates hired,Hiring since August 2024
292,Aadhvik Technologies,Data Science,Work from home,1 Month,"₹ 1,000 - 2,000 /month",680 applicants,514 opportunities posted,5 candidates hired,Hiring since June 2024
293,Talent Corner HR Services,Chatbot,Mumbai,3 Months,"₹ 15,000 lump sum",244 applicants,874 opportunities posted,173 candidates hired,Hiring since March 2020
294,Amart Global,Artificial Neural Networks,Work from home,6 Months,Unpaid,197 applicants,1 opportunity posted,,Hiring since May 2025
295,Daten & Wissen Private Limited,Data Annotation,Mumbai,6 Months,"₹ 4,500 - 5,000 /month",47 applicants,82 opportunities posted,9 candidates hired,Hiring since October 2021
296,AI Certs,Artificial Intelligence (AI),Work from home,5 Months,"₹ 15,000 - 20,000 /month",491 applicants,107 opportunities posted,8 candidates hired,Hiring since March 2024
297,Emoolar Technology Private Limited,Data Science,Work from home,3 Months,"₹ 5,000 - 7,000 /month",1000+ applicants,93 opportunities posted,15 candidates hired,Hiring since August 2021
298,International Institute Of SDGs & Public Policy Research,Causal Machine Learning,Work from home,3 Months,Unpaid,194 applicants,297 opportunities posted,1490 candidates hired,Hiring since August 2021
299,iTech Mission Private Limited,Python Development,"Delhi, Gurgaon, Noida",6 Months,"₹ 15,000 /month",318 applicants,211 opportunities posted,33 candidates hired,Hiring since March 2017
300,Credex,Web Development,Work from home,3 Months,"₹ 13,000 - 20,000 /month",1000+ applicants,3 opportunities posted,,Hiring since May 2025
301,WiseAnalytics,Data Visualisation,Bangalore,2 Months,"₹ 2,000 - 20,000 /month",377 applicants,6 opportunities posted,,Hiring since May 2025
302,Step Consultancy,Artificial Intelligence (AI),Work from home,6 Months,"₹ 10,000 - 20,000 /month",913 applicants,7 opportunities posted,,Hiring since July 2024
303,Aditya Jha,Product Management,Bangalore,3 Months,"₹ 20,000 - 35,000 /month",467 applicants,6 opportunities posted,,Hiring since October 2024
304,Buddha Education Association Incorporation,Machine Learning,Work from home,2 Months,"₹ 10,000 /month",1000+ applicants,2123 opportunities posted,13 candidates hired,Hiring since September 2020
305,WiseAnalytics,Data Science,Bangalore,2 Months,"₹ 2,000 - 20,000 /month",535 applicants,6 opportunities posted,,Hiring since May 2025
306,Megaminds IT Services,Data Science AI&ML Python Research,Work from home,6 Months,"₹ 1,000 - 10,000 /month",736 applicants,310 opportunities posted,83 candidates hired,Hiring since March 2019
307,Megaminds IT Services,Research Associate Computer Science,Work from home,6 Months,"₹ 1,000 - 8,000 /month",139 applicants,310 opportunities posted,83 candidates hired,Hiring since March 2019
308,RoadMetrics,Data Annotation/Labelling (Computer Vision-Image Data),Bangalore,3 Months,"₹ 15,000 - 20,000 /month",72 applicants,39 opportunities posted,10 candidates hired,Hiring since December 2019
309,Deepnexus S,Artificial Intelligence (AI),Work from home,3 Months,"₹ 16,000 - 24,000 /month",1000+ applicants,61 opportunities posted,,Hiring since February 2025
310,Maxgen Technologies Private Limited,AI/ML Engineer,Ahmedabad,2 Months,"₹ 7,000 - 12,000 /month",397 applicants,128 opportunities posted,,Hiring since November 2024
311,Coding Junior,Artificial Neural Networks,Work from home,6 Months,Unpaid,433 applicants,1189 opportunities posted,21755 candidates hired,Hiring since August 2021
312,Alien Brains Private Limited,Machine Learning,Work from home,3 Months,"₹ 3,000 - 6,000 /month",798 applicants,11 opportunities posted,,Hiring since November 2018
313,ROBOKALAM,Artificial Intelligence (AI),Warangal,3 Months,"₹ 15,500 - 40,000 lump sum",521 applicants,33 opportunities posted,13 candidates hired,Hiring since April 2020
314,Blaziken Technologies Private Limited,Software Development,Mumbai,6 Months,"₹ 5,000 - 10,000 /month",Be an early applicant,9 opportunities posted,,Hiring since July 2023
315,SIRPI Products & Services Private Limited,Frontend Development (React & Typescript),Bangalore,3 Months,"₹ 13,999 - 14,000 /month",93 applicants,243 opportunities posted,194 candidates hired,Hiring since February 2019
316,iGuru Training Solutions,Flutter Development,Hyderabad,3 Months,"₹ 5,000 - 10,000 /month",83 applicants,10 opportunities posted,,Hiring since November 2023
317,Sedani Digital Private Limited,Software Development Engineering (Web),Work from home,6 Months,"₹ 3,000 /month",261 applicants,36 opportunities posted,11 candidates hired,Hiring since July 2024
318,Electrify Services,Full Stack Development,Ahmedabad,6 Months,"₹ 10,000 - 12,000 /month",69 applicants,19 opportunities posted,1 candidate hired,Hiring since November 2022
319,Furora Pets And Services,WordPress Development,Work from home,4 Months,"₹ 2,000 /month",67 applicants,2 opportunities posted,2 candidates hired,Hiring since April 2025
320,Happho,WordPress Content Management,Work from home,2 Months,"₹ 8,000 /month",59 applicants,50 opportunities posted,46 candidates hired,Hiring since September 2016
321,Lawtech,Javascript Developer,Work from home,3 Months,"₹ 7,000 - 10,000 /month",281 applicants,940 opportunities posted,6 candidates hired,Hiring since July 2022
322,Whatbytes,Backend Development,Work from home,6 Months,"₹ 10,000 - 20,000 /month",331 applicants,19 opportunities posted,1 candidate hired,Hiring since May 2024
323,ServiceHive,Flutter Development,Work from home,6 Months,"₹ 12,000 - 16,000 /month",121 applicants,10 opportunities posted,3 candidates hired,Hiring since May 2024
324,Bridge2job,Automation Specialist,Work from home,6 Months,"₹ 15,000 /month",165 applicants,46 opportunities posted,,Hiring since April 2025
325,Bridge2job,Automation Expert,Work from home,3 Months,"₹ 15,000 /month",166 applicants,46 opportunities posted,,Hiring since April 2025
326,Payinstacard Private Limited,Shopify Developer,Hyderabad,6 Months,"₹ 4,000 - 6,000 /month",27 applicants,13 opportunities posted,1 candidate hired,Hiring since August 2023
327,MentorBoxx,Web Development,Work from home,1 Month,"₹ 10,000 /month",989 applicants,1719 opportunities posted,13 candidates hired,Hiring since April 2021
328,ShipTurtle,Front End Development,Ahmedabad,6 Months,"₹ 10,000 - 15,000 /month",Be an early applicant,14 opportunities posted,,Hiring since March 2023
329,Warewe Consultancy Private Limited,Node.js Development,Gurgaon,2 Months,"₹ 10,000 - 15,000 /month",151 applicants,268 opportunities posted,69 candidates hired,Hiring since October 2016
330,JS Tigers,Software Development,Work from home,6 Months,"₹ 17,280 /month",396 applicants,67 opportunities posted,28 candidates hired,Hiring since September 2017
331,iGuru Training Solutions,Backend Development,Hyderabad,3 Months,"₹ 5,000 - 10,000 /month",147 applicants,10 opportunities posted,,Hiring since November 2023
332,SafeAeon,IT Helpdesk Support Intern,Mohali,6 Months,"₹ 18,000 /month",Be an early applicant,1 opportunity posted,,Hiring since May 2025
333,GamutX,"Full Stack Developer With GenAI Experience (Lovable, v0)",Work from home,3 Months,"₹ 15,000 /month",353 applicants,4 opportunities posted,1 candidate hired,Hiring since September 2024
334,Talent Corner HR Services,Integration Specialist,Mumbai,3 Months,"₹ 15,000 lump sum",Be an early applicant,874 opportunities posted,173 candidates hired,Hiring since March 2020
335,Vishwaroop Education Pvt. Ltd.,WordPress Development,Work from home,3 Months,"₹ 3,000 - 7,000 /month",55 applicants,1 opportunity posted,,Hiring since May 2025
336,Nxtcode,Web Development,Work from home,3 Months,"₹ 7,500 - 15,000 /month",615 applicants,26 opportunities posted,1 candidate hired,Hiring since May 2025
337,Fuel It Online,IT Internship,"Delhi, Indore, Jodhpur, Kanpur, Kolkata, Lucknow, Patna, Udaipur, Mumbai, Varanasi, Jaipur, Noida, Bangalore, Prayagraj Sub-District                                                    (Hybrid)",3 Months,"₹ 2,000 - 10,000 /month",212 applicants,1 opportunity posted,,Hiring since May 2025
338,Maxgen Technologies Private Limited,React JS Developer,Ahmedabad,2 Months,"₹ 7,000 - 12,000 /month",164 applicants,128 opportunities posted,,Hiring since November 2024
339,Maxgen Technologies Private Limited,Flutter Development,Ahmedabad,3 Months,"₹ 7,000 - 12,000 /month",41 applicants,128 opportunities posted,,Hiring since November 2024
340,Sanchit Verma,WordPress Development,Pune                                                    (Hybrid),3 Months,"₹ 5,000 - 10,000 /month",42 applicants,6 opportunities posted,,Hiring since July 2023
341,Endemol Shine India,Information Technology,Mumbai,6 Months,"₹ 8,000 /month",81 applicants,2 opportunities posted,,Hiring since June 2024
342,CodeXcelerate IT Consultancy,PHP Development,Work from home,3 Months,"₹ 2,000 /month",82 applicants,2 opportunities posted,2 candidates hired,Hiring since April 2025
343,Ramsun Enterprise Payments Network Private Limited,Java Development,Delhi,6 Months,"₹ 5,000 - 8,000 /month",59 applicants,29 opportunities posted,5 candidates hired,Hiring since June 2021
344,Nativjoy,Shopify Developer,Work from home,3 Months,"₹ 5,000 - 6,000 /month",80 applicants,4 opportunities posted,,Hiring since July 2024
345,Neonflake Enterprises (OPC) Private Limited,MERN Stack Developer With GenAI Experience,"Secunderabad, Hyderabad",6 Months,"₹ 12,000 /month",35 applicants,9 opportunities posted,,Hiring since May 2024
346,Monkhub,Unity Game Developer,Gurgaon,6 Months,"₹ 10,000 /month",81 applicants,478 opportunities posted,72 candidates hired,Hiring since March 2017
347,"AI Agent Builder (San Francisco, United States)",Software Development Engineering (Web),Work from home,6 Months,"₹ 9,000 - 14,000 /month",757 applicants,1 opportunity posted,,Hiring since May 2025
348,Ridvig Technologies,Full Stack Development,Work from home,1 Month,"₹ 1,000 /month",423 applicants,131 opportunities posted,67 candidates hired,Hiring since July 2020
349,Metagauss,Software Development Engineering (Web),Jaipur,6 Months,"₹ 7,000 - 8,000 /month",Be an early applicant,7 opportunities posted,1 candidate hired,Hiring since November 2024
350,OyeLabs,UI/UX Design,Work from home,6 Months,"₹ 5,000 - 10,000 /month",338 applicants,1085 opportunities posted,95 candidates hired,Hiring since December 2019
380,COSGrid Systems Private Limited,Systems Development Engineer,Chennai,4 Months,"₹ 15,000 - 25,000 /month",224 applicants,101 opportunities posted,93 candidates hired,Hiring since May 2017
385,MentorBoxx,Game Development,Work from home,1 Month,"₹ 10,000 /month",383 applicants,1720 opportunities posted,13 candidates hired,Hiring since April 2021
387,MentorBoxx,Game Development,"Amritsar, Aurangabad, Chandigarh, Delhi, Ghaziabad, Gurgaon, Patiala, Pune, Mumbai, Pimpri-Chinchwad, Noida, Raipur, Nagpur, Nashik",2 Months,"₹ 10,000 /month",354 applicants,1720 opportunities posted,13 candidates hired,Hiring since April 2021
389,Relinns Technologies,Software Testing,Mohali,6 Months,"₹ 10,000 - 12,000 /month",213 applicants,1544 opportunities posted,8 candidates hired,Hiring since May 2017
390,JS Tigers,Software Development,Work from home,6 Months,"₹ 17,280 /month",1000+ applicants,67 opportunities posted,28 candidates hired,Hiring since September 2017
401,Neonflake Enterprises (OPC) Private Limited,MERN Stack Developer With GenAI Experience,"Secunderabad, Hyderabad",6 Months,"₹ 12,000 /month",58 applicants,9 opportunities posted,N/A,Hiring since May 2024
402,Swappd,Backend Development,Work from home,2 Months,"₹ 8,000 /month",1000+ applicants,1 opportunity posted,N/A,Hiring since May 2025
403,"RedKnot (New York, United States)",Web Development,Work from home,6 Months,"₹ 5,000 - 15,000 /month",915 applicants,2 opportunities posted,N/A,Hiring since September 2024
404,InstaWeb Labs Private Limited,Front End Development,Mumbai,6 Months,"₹ 10,000 - 15,000 /month",633 applicants,253 opportunities posted,43 candidates hired,Hiring since May 2017
406,Maxgen Technologies Private Limited,Web Developer,Ahmedabad,3 Months,"₹ 7,000 - 12,000 /month",472 applicants,128 opportunities posted,N/A,Hiring since November 2024
407,Louder World,Full Stack Development,Delhi,6 Months,"₹ 8,000 - 12,000 /month",682 applicants,5 opportunities posted,2 candidates hired,Hiring since January 2025
408,Gloomshinestore Services Private Limited,ReactJS Development,Noida,6 Months,"₹ 3,000 - 15,000 /month",529 applicants,1 opportunity posted,N/A,Hiring since May 2025
409,Absolute Veritas,Web Development,Faridabad,3 Months,"₹ 7,000 - 9,000 /month",378 applicants,70 opportunities posted,3 candidates hired,Hiring since April 2019
410,The Learn Cloud,Backend Development,Work from home,6 Months,"₹ 9,000 /month",1000+ applicants,419 opportunities posted,25 candidates hired,Hiring since October 2021
411,Qualyval,Backend Development,Work from home,6 Months,"₹ 6,000 /month",563 applicants,80 opportunities posted,28 candidates hired,Hiring since November 2020
412,Naksh Jewels,Full Stack Development,Work from home,3 Months,"₹ 4,000 - 7,000 /month",898 applicants,4 opportunities posted,1 candidate hired,Hiring since October 2023
413,Charu  Choudha,Web Development,Work from home,1 Month,"₹ 10,000 /month",1000+ applicants,4 opportunities posted,N/A,Hiring since February 2025
414,Lofaz,Web Development,Mumbai,4 Months,"₹ 3,000 - 5,000 /month",123 applicants,11 opportunities posted,1 candidate hired,Hiring since August 2023
415,BabyCode,Web Development,Work from home,2 Months,"₹ 6,000 - 12,000 /month",1000+ applicants,27 opportunities posted,3 candidates hired,Hiring since October 2021
416,Rydeu Logistics UG,Node.js Development,Work from home,6 Months,"₹ 10,000 - 12,000 /month",1000+ applicants,601 opportunities posted,6 candidates hired,Hiring since December 2019
417,Buddha Education Association Incorporation,Web Development,Work from home,1 Month,"₹ 10,000 /month",1000+ applicants,2123 opportunities posted,13 candidates hired,Hiring since September 2020
418,Faclon,Front End Development,Work from home,3 Months,"₹ 7,000 - 10,000 /month",1000+ applicants,554 opportunities posted,148 candidates hired,Hiring since May 2016
420,ConectYu,React Native Development,Hyderabad                                                    (Hybrid),3 Months,"₹ 3,000 - 3,500 /month",52 applicants,14 opportunities posted,8 candidates hired,Hiring since January 2021
421,VENTU RENEWABLE P.L.,JS XML SQL Development,Chennai                                                    (Hybrid),2 Months,"₹ 4,500 - 18,000 /month",85 applicants,1 opportunity posted,1 candidate hired,Hiring since May 2025
422,Emoolar Technology Private Limited,Web Development,Work from home,3 Months,"₹ 5,000 - 7,000 /month",1000+ applicants,94 opportunities posted,15 candidates hired,Hiring since August 2021
423,Maxgen Technologies Private Limited,MERN Stack Development,Ahmedabad,3 Months,"₹ 7,000 - 12,000 /month",424 applicants,128 opportunities posted,N/A,Hiring since November 2024
424,Wipadika Innovations Private Limited,VueJS Web Frontend,Bangalore,3 Months,"₹ 15,000 - 25,000 /month",401 applicants,5 opportunities posted,3 candidates hired,Hiring since July 2017
425,Pawan Gurnani,Chatbot & Integration Developer,Work from home,3 Months,"₹ 10,000 - 10,001 /month",576 applicants,5 opportunities posted,1 candidate hired,Hiring since January 2025
426,BeyondChats,ReactJS Development,Work from home,5 Months,"₹ 15,000 - 25,000 /month",1000+ applicants,12 opportunities posted,14 candidates hired,Hiring since May 2024
427,Alien Brains Private Limited,JavaScript Development,Work from home,3 Months,"₹ 3,000 - 7,000 /month",855 applicants,11 opportunities posted,N/A,Hiring since November 2018
428,Bridge2job,Software Development,Work from home,3 Months,"₹ 10,000 /month",1000+ applicants,48 opportunities posted,N/A,Hiring since April 2025
429,Cartoq,Junior NextJS Developer,Work from home,3 Months,"₹ 10,000 /month",1000+ applicants,13 opportunities posted,2 candidates hired,Hiring since February 2023
430,Maxgen Technologies Private Limited,MERN Stack Developer,Pune,3 Months,"₹ 7,000 - 12,000 /month",801 applicants,128 opportunities posted,N/A,Hiring since November 2024
433,Senso Vision System,Application Engineer,Bangalore,4 Months,"₹ 5,000 - 10,000 /month",217 applicants,29 opportunities posted,5 candidates hired,Hiring since June 2023
435,RoadMetrics,Data Annotation/Labelling (Computer Vision-Image Data),Bangalore,3 Months,"₹ 15,000 - 20,000 /month",84 applicants,39 opportunities posted,10 candidates hired,Hiring since December 2019
436,WIREDLEAP TECHNOLOGY PRIVATE LIMITED,Machine Learning,Work from home,6 Months,"₹ 15,000 - 20,000 /month",1000+ applicants,4 opportunities posted,N/A,Hiring since February 2025
437,IndicVision Private Limited,Computer Vision,Chennai,6 Months,"₹ 35,000 /month",694 applicants,5 opportunities posted,2 candidates hired,Hiring since June 2024
438,Tutedude,Python Mentorship,Work from home,3 Months,"₹ 7,000 - 8,000 /month",439 applicants,446 opportunities posted,135 candidates hired,Hiring since May 2020
439,Infoware,Data Scraping And Automation,Work from home,3 Months,"₹ 5,000 - 10,000 /month",629 applicants,280 opportunities posted,152 candidates hired,Hiring since March 2020
440,Byteprolabs,Image Processing (Python),Bangalore,3 Months,"₹ 15,000 - 20,000 /month",311 applicants,1 opportunity posted,N/A,Hiring since April 2025
441,Edith Defence Systems Private Limited,Computer Vision,Navi Mumbai,4 Months,"₹ 12,000 - 15,000 /month",553 applicants,33 opportunities posted,16 candidates hired,Hiring since June 2024
442,Techdome Solutions Private Limited,Computer Vision AIML,"Indore, Hyderabad",6 Months,"₹ 10,000 - 15,000 /month",248 applicants,371 opportunities posted,50 candidates hired,Hiring since March 2021
443,Elementals.ai,Artificial Intelligence (AI),Bangalore,6 Months,"₹ 15,000 /month",1000+ applicants,14 opportunities posted,3 candidates hired,Hiring since December 2020
444,House Of Couton Private Limited,Campus Ambassador,Work from home,2 Months,Performance Based,67 applicants,197 opportunities posted,58 candidates hired,Hiring since August 2019
445,Alphabt,Artificial Intelligence (AI),"Gurgaon, Lucknow, Chennai",6 Months,"₹ 12,500 - 15,000 /month",672 applicants,97 opportunities posted,17 candidates hired,Hiring since February 2019
446,Reach Technologies,Algorithm Development,Work from home,3 Months,"₹ 8,000 - 9,000 /month",983 applicants,2001 opportunities posted,3271 candidates hired,Hiring since July 2018
447,Apex Style,Computer Lab,Work from home,2 Months,"₹ 1,400 - 2,000 /month",403 applicants,99 opportunities posted,3 candidates hired,Hiring since April 2024
448,Solvitude,Subject Matter Expert (Copyediting),Work from home,3 Months,"₹ 5,000 - 15,000 /month",343 applicants,370 opportunities posted,84 candidates hired,Hiring since April 2023
449,Shaavi Professional Pvt Ltd,Accounting & Bookkeeping,"Delhi, North West, South",5 Months,"₹ 5,000 - 10,000 /month",87 applicants,2 opportunities posted,N/A,Hiring since September 2023
450,Indika AI Private Limited,Computer Vision,"Delhi, Noida",2 Months,"₹ 8,000 - 12,000 /month",809 applicants,620 opportunities posted,601 candidates hired,Hiring since October 2021
451,Solvitude,ALT TEXT Writer (Life Sciences),Work from home,3 Months,"₹ 5,000 - 15,000 /month",260 applicants,370 opportunities posted,84 candidates hired,Hiring since April 2023
452,Solvitude,ALT TEXT Writer (Mechanical Engineering),Work from home,3 Months,"₹ 6,000 - 15,000 /month",113 applicants,370 opportunities posted,84 candidates hired,Hiring since April 2023
453,Solvitude,ALT TEXT Writer (Engineering),Work from home,3 Months,"₹ 8,000 - 15,000 /month",48 applicants,370 opportunities posted,84 candidates hired,Hiring since April 2023
454,Solvitude,Alt Text Writer,Work from home,3 Months,"₹ 8,000 - 15,000 /month",132 applicants,370 opportunities posted,84 candidates hired,Hiring since April 2023
455,Countai Private Limited,Computer Vision,Coimbatore,6 Months,"₹ 10,000 /month",292 applicants,48 opportunities posted,22 candidates hired,Hiring since April 2023
456,Bipolar Factory,AI,Work from home,3 Months,"₹ 20,000 - 30,000 /month",1000+ applicants,10 opportunities posted,2 candidates hired,Hiring since November 2022
457,Anubrain Technology Private Limited,Machine Learning,Work from home,3 Months,"₹ 3,000 - 5,000 /month",1000+ applicants,46 opportunities posted,5 candidates hired,Hiring since March 2022
458,ADOBE,Research,Bangalore,2 Months,Not provided,Be an early applicant,N/A,N/A,N/A
459,Vedapath,UI/UX Design,"Delhi, Bangalore                                                    (Hybrid)",3 Months,"₹ 5,000 - 20,000 /month",Be an early applicant,2 opportunities posted,N/A,Hiring since January 2025
461,Orufy Technologies Private Limited,UI/UX Design,Jaipur,6 Months,"₹ 8,000 - 10,000 /month",38 applicants,65 opportunities posted,17 candidates hired,Hiring since June 2022
462,Rentkar-Switch To Share,UI/UX Design,Mumbai,3 Months,"₹ 10,000 - 12,000 /month",65 applicants,1256 opportunities posted,39 candidates hired,Hiring since October 2019
463,InstaWeb Labs Private Limited,Graphic Design,Mumbai,6 Months,"₹ 10,000 - 35,000 /month",54 applicants,253 opportunities posted,43 candidates hired,Hiring since May 2017
464,Grexa AI Private Limited,UI/UX Design,"Palghar, Thane, Navi Mumbai, Mumbai, Virar, Vasai, Vasai-Virar                                                    (Hybrid)",3 Months,"₹ 10,000 - 15,000 /month",111 applicants,57 opportunities posted,30 candidates hired,Hiring since April 2024
465,Webpulse Solution Private Limited,Graphic Design,Delhi,6 Months,"₹ 5,001 - 10,002 /month",84 applicants,73 opportunities posted,6 candidates hired,Hiring since October 2020
466,Shri Ram Bharat Enterprise,Graphic Design,Greater Noida West,3 Months,"₹ 9,500 - 34,000 /month",Be an early applicant,2 opportunities posted,N/A,Hiring since April 2025
467,Eduminatti,UI/UX Design,Dehradun,2 Months,"₹ 5,000 - 7,000 /month",Be an early applicant,1525 opportunities posted,15 candidates hired,Hiring since February 2022
468,Qrata,Product Design,Mumbai,6 Months,"₹ 8,000 - 10,000 /month",103 applicants,263 opportunities posted,32 candidates hired,Hiring since May 2017
469,KathaVersse Media Network Private Limited,Graphic Design,Mumbai,3 Months,"₹ 10,000 - 10,001 /month",38 applicants,29 opportunities posted,6 candidates hired,Hiring since November 2023
470,Anuschka Leather-India Private Limited,Graphic Design,Kolkata,3 Months,"₹ 7,000 - 10,000 /month",71 applicants,11 opportunities posted,N/A,Hiring since May 2025
471,Khilonamart,Content Curation/Graphic Design,Indore                                                    (Hybrid),6 Months,"₹ 5,000 - 7,000 /month",43 applicants,4 opportunities posted,1 candidate hired,Hiring since April 2025
472,Travel Lykke Private Limited,Graphic Design,Jaipur,6 Months,"₹ 10,000 - 12,000 /month",71 applicants,17 opportunities posted,5 candidates hired,Hiring since February 2025
473,International Institute Of SDGs & Public Policy Research,Figma,Work from home,3 Months,Unpaid,Be an early applicant,303 opportunities posted,1499 candidates hired,Hiring since August 2021
475,Deep Holistics,Product Design,Work from home,3 Months,"₹ 20,000 /month",Be an early applicant,1 opportunity posted,N/A,Hiring since May 2025
476,InAmigos Foundation,Graphic Design,Work from home,2 Weeks,"₹ 1,500 - 3,500 /month",Be an early applicant,1110 opportunities posted,127594 candidates hired,Hiring since June 2021
477,Provost Contrives,Graphic Design,Work from home,6 Months,"₹ 2,001 - 5,002 /month",Be an early applicant,1 opportunity posted,N/A,Hiring since May 2025
478,Mierae Solar Energy Private Limited,Graphic Design,Work from home,6 Months,"₹ 3,000 - 3,001 /month",205 applicants,4 opportunities posted,N/A,Hiring since January 2025
479,Benchmate App,UI/UX Design,Mangalore,6 Months,"₹ 5,000 - 10,000 /month",Be an early applicant,5 opportunities posted,N/A,Hiring since December 2024
481,Limited Edt,Graphic Design,Delhi,6 Months,"₹ 20,000 - 25,000 /month",50 applicants,6 opportunities posted,N/A,Hiring since December 2024
482,Bunny Bash Events & Rentals,Graphic Design,Work from home,2 Months,"₹ 7,000 - 12,000 /month",687 applicants,267 opportunities posted,53 candidates hired,Hiring since October 2016
484,Genesis Envision,Graphic Design,Work from home,6 Months,"₹ 5,000 - 10,000 /month",291 applicants,10 opportunities posted,2 candidates hired,Hiring since March 2024
485,Ojal Digitals,Graphic Design,Delhi                                                    (Hybrid),2 Months,"₹ 5,000 - 10,000 /month",56 applicants,1 opportunity posted,N/A,Hiring since May 2025
486,Lawtech,IPad Artist/ Illustrator From NIFT,Work from home,3 Months,"₹ 6,000 - 8,000 /month",Be an early applicant,942 opportunities posted,6 candidates hired,Hiring since July 2022
487,Lawtech,Creative Artist From NIFT,Work from home,3 Months,"₹ 6,000 - 8,000 /month",72 applicants,942 opportunities posted,6 candidates hired,Hiring since July 2022
488,Ridvig Technologies,UI/UX Design,Work from home,1 Month,"₹ 1,000 /month",225 applicants,131 opportunities posted,67 candidates hired,Hiring since July 2020
491,AppVersal,UI/UX Designer,"Delhi, Noida                                                    (Hybrid)",4 Months,"₹ 10,000 - 15,000 /month",152 applicants,343 opportunities posted,49 candidates hired,Hiring since May 2015
492,Lawtech,Project Coordinator For SSC And Banking,Work from home,4 Months,"₹ 6,000 - 8,000 /month",76 applicants,942 opportunities posted,6 candidates hired,Hiring since July 2022
495,MentorBoxx,Graphic Design,"Ahmedabad, Akola, Aurangabad, Pune, Amravati, Ahmednagar, Mumbai, Pimpri-Chinchwad, Baramati, Nagpur, Nashik",2 Months,"₹ 10,000 /month",130 applicants,1720 opportunities posted,13 candidates hired,Hiring since April 2021
496,iGuru Training Solutions,UI/UX Design,Hyderabad,3 Months,"₹ 5,000 - 10,000 /month",254 applicants,12 opportunities posted,N/A,Hiring since November 2023
497,RevoltronX,Graphic Design,Work from home,6 Months,"₹ 2,000 - 5,000 /month",205 applicants,24 opportunities posted,19 candidates hired,Hiring since July 2024
513,GamutX,"Full Stack Developer With GenAI Experience (Lovable, v0)",Work from home,3 Months,"₹ 15,000 /month",932 applicants,4 opportunities posted,1 candidate hired,Hiring since September 2024
517,DeepThought Edutech Ventures Private Limited,LLM (Large Language Model) Training,Work from home,6 Months,"₹ 2,000 /month",290 applicants,1771 opportunities posted,440 candidates hired,Hiring since March 2020
519,HeyCloudy,Artificial Intelligence (AI),Work from home,3 Months,"₹ 2,000 /month",313 applicants,86 opportunities posted,26 candidates hired,Hiring since June 2018
522,ReportsInsights Consulting Pvt Ltd,Market Research,Pune,6 Months,"₹ 7,000 - 7,001 /month",69 applicants,124 opportunities posted,51 candidates hired,Hiring since March 2020
526,Tcules UX Studio,AI-first Experience Design,Ahmedabad,6 Months,"₹ 10,000 - 25,000 /month",59 applicants,4 opportunities posted,N/A,Hiring since September 2024
527,AffinityAnswers,Full Stack AI Engineer - Intern,Work from home,6 Months,"₹ 30,000 - 35,000 /month",296 applicants,1 opportunity posted,N/A,Hiring since May 2025
528,Graveiens Eduservices Private Limited,AI Trainer (Marathi),Work from home,3 Months,"₹ 10,000 - 20,000 /month",246 applicants,535 opportunities posted,20 candidates hired,Hiring since October 2023
529,Graveiens Eduservices Private Limited,AI Trainer (Gujarati),Work from home,3 Months,"₹ 10,000 - 20,000 /month",105 applicants,535 opportunities posted,20 candidates hired,Hiring since October 2023
530,Graveiens Eduservices Private Limited,AI Trainer (Telugu),Work from home,3 Months,"₹ 10,000 - 20,000 /month",340 applicants,535 opportunities posted,20 candidates hired,Hiring since October 2023
531,Graveiens Eduservices Private Limited,AI Trainer (Tamil),Work from home,3 Months,"₹ 10,000 - 20,000 /month",137 applicants,535 opportunities posted,20 candidates hired,Hiring since October 2023
532,Graveiens Eduservices Private Limited,AI Trainer (Urdu),Work from home,3 Months,"₹ 10,000 - 20,000 /month",81 applicants,535 opportunities posted,20 candidates hired,Hiring since October 2023
533,Graveiens Eduservices Private Limited,AI Trainer (Hindi),Work from home,3 Months,"₹ 10,000 - 20,000 /month",759 applicants,535 opportunities posted,20 candidates hired,Hiring since October 2023
537,Buddha Education Association Incorporation,Artificial Intelligence (AI),Work from home,1 Month,"₹ 10,000 /month",1000+ applicants,2123 opportunities posted,13 candidates hired,Hiring since September 2020
540,The Thirsty Crow Marketing Services,Data Entry,"Thane, Mumbai",3 Months,"₹ 7,000 - 8,000 /month",50 applicants,1 opportunity posted,N/A,Hiring since May 2025
542,Infoware,Database Building/Management,Work from home,5 Months,"₹ 5,000 - 7,000 /month",181 applicants,280 opportunities posted,152 candidates hired,Hiring since March 2020
543,Cherag Trader Private Limited,Data Entry,Hyderabad,3 Months,"₹ 18,000 - 26,000 /month",198 applicants,6 opportunities posted,N/A,Hiring since April 2025
544,Cherag Trader Private Limited,Computer Operator,Bangalore                                                    (Hybrid),3 Months,"₹ 18,000 - 26,000 /month",161 applicants,6 opportunities posted,N/A,Hiring since April 2025
545,SHIVAAMI CLOUD SERVICES PRIVATE LIMITED,Database Building/Management,Mumbai,6 Months,"₹ 8,000 - 10,000 /month",49 applicants,2 opportunities posted,N/A,Hiring since February 2025
547,Saifee Burhani Upliftment Trust,Data Entry,Mumbai,6 Months,"₹ 6,000 - 10,000 /month",47 applicants,7 opportunities posted,11 candidates hired,Hiring since February 2024
548,United Way Mumbai,Database Building/Management,Mumbai,6 Months,"₹ 5,000 - 10,000 /month",Be an early applicant,1 opportunity posted,N/A,Hiring since May 2025
549,Sab Infotech Solutions Private Limited,SQL DEVELOPER,Mumbai,6 Months,"₹ 8,000 /month",186 applicants,2 opportunities posted,N/A,Hiring since October 2021
551,ASAR & SONS IMPEX LLP,Computer Operator,Hyderabad                                                    (Hybrid),3 Months,"₹ 18,000 - 25,000 /month",247 applicants,22 opportunities posted,85 candidates hired,Hiring since March 2025
552,Rythukart Private Limited,SQL DEVELOPER,Work from home,1 Month,"₹ 1,000 - 2,000 /month",1000+ applicants,199 opportunities posted,N/A,Hiring since January 2025
553,Exchange4media Group,Database Building/Management,Noida                                                    (Hybrid),3 Months,"₹ 10,000 /month",75 applicants,96 opportunities posted,16 candidates hired,Hiring since July 2017
554,Ubique Brand Care,Data Entry,Lucknow,2 Months,"₹ 2,000 - 6,000 /month",74 applicants,2 opportunities posted,N/A,Hiring since April 2025
555,Pay4Ref,Backend Development,Work from home,2 Months,"₹ 7,000 /month",1000+ applicants,4 opportunities posted,N/A,Hiring since April 2025
556,Anil Parekh & Co,HR And Database Building,Work from home,2 Months,"₹ 7,500 - 15,000 /month",336 applicants,5 opportunities posted,N/A,Hiring since January 2025
557,Apex Style,SQL,Work from home,1 Month,"₹ 1,400 - 2,000 /month",1000+ applicants,99 opportunities posted,3 candidates hired,Hiring since April 2024
558,Apex Style,Database Building/Management,Work from home,1 Month,"₹ 1,500 - 2,500 /month",239 applicants,99 opportunities posted,3 candidates hired,Hiring since April 2024
559,Trustico Realty (SwiftTech Pro Private Limited),CRM Systems & Business Tools,Mumbai,3 Months,"₹ 4,000 - 8,001 /month",Be an early applicant,7 opportunities posted,N/A,Hiring since January 2023
560,Indiascope,Database Building/Management,Delhi,3 Months,"₹ 6,000 - 10,000 /month",77 applicants,3 opportunities posted,N/A,Hiring since December 2024
561,NextEdge Labs,Backend Development,Work from home,6 Months,"₹ 5,000 /month",1000+ applicants,314 opportunities posted,41 candidates hired,Hiring since June 2021
562,Winway Consultancy Services Private Limited,Data Entry,Work from home,3 Months,"₹ 15,000 - 25,000 /month",1000+ applicants,37 opportunities posted,N/A,Hiring since February 2025
563,Emoolar Technology Private Limited,Cyber Security,Work from home,3 Months,"₹ 5,000 - 7,000 /month",316 applicants,94 opportunities posted,15 candidates hired,Hiring since August 2021
564,Aadhvik Technologies,Cyber Security,Work from home,1 Month,"₹ 1,000 - 2,000 /month",156 applicants,522 opportunities posted,5 candidates hired,Hiring since June 2024
565,Talent Corner HR Services,Cybersecurity Analyst,Mumbai,3 Months,"₹ 15,000 lump sum",306 applicants,874 opportunities posted,173 candidates hired,Hiring since March 2020
566,Megaminds IT Services,Cybersecurity And Network Security Research,Work from home,6 Months,"₹ 1,000 - 8,000 /month",610 applicants,312 opportunities posted,83 candidates hired,Hiring since March 2019
567,Priyanka Housing Consultants,Crypto Miners,Delhi,6 Months,"₹ 10,000 - 15,000 /month",37 applicants,41 opportunities posted,2 candidates hired,Hiring since April 2022
568,Kajkarma,Ethical Hacker,Work from home,6 Months,"₹ 5,000 /month",675 applicants,30 opportunities posted,1 candidate hired,Hiring since October 2024
569,Alien Brains Private Limited,Cyber Security,Work from home,3 Months,"₹ 3,000 - 6,000 /month",760 applicants,11 opportunities posted,N/A,Hiring since November 2018
570,Rythukart Private Limited,Cyber Security,Work from home,1 Month,"₹ 1,000 - 2,000 /month",870 applicants,199 opportunities posted,N/A,Hiring since January 2025
571,Fashionista,Office Assistant (Technical Skill Cloud Security),"Faridabad, Delhi, Ghaziabad, Greater Noida, Noida",6 Months,"₹ 6,000 - 15,000 /month",43 applicants,4 opportunities posted,1 candidate hired,Hiring since September 2023
572,Tutedude,Cyber Security Instructor,Work from home,1 Month,"₹ 25,000 /month",710 applicants,446 opportunities posted,135 candidates hired,Hiring since May 2020
573,COSGrid Systems Private Limited,Cloud & DevSecOps,Chennai,3 Months,"₹ 12,000 - 20,000 /month",617 applicants,101 opportunities posted,93 candidates hired,Hiring since May 2017
574,Great Learning,Content Writing,"Gurgaon, Bangalore                                                    (Hybrid)",6 Months,"₹ 15,000 /month",246 applicants,66 opportunities posted,9 candidates hired,Hiring since January 2020
575,Requin Solutions Private Limited,Cyber Security,Jaipur,6 Months,"₹ 10,000 - 12,000 /month",891 applicants,481 opportunities posted,75 candidates hired,Hiring since September 2021
576,Velozity Global Solutions,LLM Engineer,Work from home,6 Months,"₹ 20,000 - 30,000 /month",1000+ applicants,647 opportunities posted,140 candidates hired,Hiring since June 2021
577,ConversAIlabs,Cyber Security,Work from home,3 Months,"₹ 3,000 - 3,001 /month",1000+ applicants,23 opportunities posted,N/A,Hiring since April 2025
578,COSGrid Systems Private Limited,Cyber Security,Chennai,5 Months,"₹ 15,000 - 25,000 /month",1000+ applicants,101 opportunities posted,93 candidates hired,Hiring since May 2017
579,Reliance Jio,Information Security Engineer,Gurgaon,Not Provided,Not provided,Be an early applicant,N/A,N/A,N/A
581,Nobrokerage.com,Video Editing/Making,Pune                                                    (Hybrid),6 Months,"₹ 6,000 - 10,000 /month",103 applicants,36 opportunities posted,3 candidates hired,Hiring since June 2022
582,Madhuri Tetgure,Video Content Creator,Thane,6 Months,"₹ 5,000 - 8,000 /month",Be an early applicant,1 opportunity posted,N/A,Hiring since May 2025
583,QHT Clinic,Photography,Haridwar,6 Months,"₹ 10,000 - 25,000 /month",Be an early applicant,5 opportunities posted,N/A,Hiring since May 2025
584,Cybernaut Business,Video Editing/Making,Work from home,3 Months,"₹ 9,100 - 10,500 /month",Be an early applicant,30 opportunities posted,43 candidates hired,Hiring since November 2020
585,CollegeTips Ed Tech Media Private Limited,Content Creation,Work from home,1 Month,"₹ 10,000 - 25,000 /month",Be an early applicant,552 opportunities posted,17 candidates hired,Hiring since May 2022
586,Techcanvass,Video Editing/Making,Work from home,6 Months,"₹ 10,000 /month",Be an early applicant,148 opportunities posted,30 candidates hired,Hiring since April 2018
587,Ozibook Tech Solutions Private Limited,Video Editing/Making,Work from home,3 Months,"₹ 1,000 /month",97 applicants,487 opportunities posted,106 candidates hired,Hiring since March 2022
588,Anuschka Leather-India Private Limited,Graphic Design,Kolkata                                                    (Hybrid),3 Months,"₹ 6,000 - 7,000 /month",32 applicants,11 opportunities posted,N/A,Hiring since May 2025
589,Rentkar-Switch To Share,Graphic Design,Mumbai,3 Months,"₹ 10,000 - 12,000 /month",26 applicants,1256 opportunities posted,39 candidates hired,Hiring since October 2019
590,Rentkar-Switch To Share,Photography,Mumbai,3 Months,"₹ 10,000 - 12,000 /month",Be an early applicant,1256 opportunities posted,39 candidates hired,Hiring since October 2019
591,UniAcco,Video Editing/Making,Mumbai,3 Months,"₹ 15,000 /month",66 applicants,560 opportunities posted,37 candidates hired,Hiring since May 2020
592,Dolphin Ad World Private Limited,Video Editing/Making,Mumbai,4 Months,"₹ 5,000 - 10,000 /month",36 applicants,335 opportunities posted,30 candidates hired,Hiring since March 2020
593,Alphanumeric Ideas Private Limited,Graphic Design,Mohali,3 Months,"₹ 2,000 - 6,000 /month",Be an early applicant,914 opportunities posted,45 candidates hired,Hiring since January 2020
594,Trade Brains,Motion Graphic Designer,Bangalore,3 Months,"₹ 10,000 - 15,000 /month",Be an early applicant,513 opportunities posted,59 candidates hired,Hiring since March 2018
595,Fashealth Commerce Private Limited,Graphic Design,Mumbai                                                    (Hybrid),3 Months,"₹ 8,000 - 12,000 /month",53 applicants,4 opportunities posted,N/A,Hiring since January 2025
596,Ace Proton Communications & Digital Media Private Limited,Video Editing/Making,Mumbai,6 Months,"₹ 7,000 - 9,000 /month",Be an early applicant,262 opportunities posted,73 candidates hired,Hiring since October 2016
597,NextEdge Labs,Video Editing/Making,"Thane, Navi Mumbai, Mumbai",6 Months,"₹ 5,000 /month",Be an early applicant,314 opportunities posted,41 candidates hired,Hiring since June 2021
598,Jeepkart,Videography,"Chandigarh, Thane, Kalyan, Mumbai",2 Months,"₹ 8,000 - 12,000 /month",42 applicants,98 opportunities posted,12 candidates hired,Hiring since July 2017
599,Shivani Mehta,Videography,Bangalore,6 Months,"₹ 6,000 - 15,000 /month",Be an early applicant,2 opportunities posted,N/A,Hiring since May 2025
601,Knot Just Pictures,Video Editing/Making,"Noida, Gurgaon, Delhi",6 Months,"₹ 8,000 - 12,000 /month",54 applicants,29 opportunities posted,3 candidates hired,Hiring since March 2018
602,Dhamma Setu Creative Technologies,Video Editing/Making,Ghaziabad,6 Months,"₹ 5,000 - 6,000 /month",33 applicants,4 opportunities posted,1 candidate hired,Hiring since February 2025
603,SGMOID,Content-Creation Video,Hyderabad,3 Months,"₹ 5,000 - 10,000 /month",40 applicants,20 opportunities posted,1 candidate hired,Hiring since February 2018
604,Diocles Care Private Limited,Video Editing & 3D-Modelling,Mumbai                                                    (Hybrid),3 Months,"₹ 8,000 - 15,000 /month",30 applicants,2 opportunities posted,N/A,Hiring since April 2025
605,Water Town Swim School,Video Editor,"Delhi, Gurgaon, Noida",4 Months,"₹ 20,000 - 40,000 /month",105 applicants,104 opportunities posted,9 candidates hired,Hiring since April 2017
606,Kkonnect.io,Video Editing/Making,Bangalore,3 Months,"₹ 10,000 - 15,000 /month",29 applicants,9 opportunities posted,5 candidates hired,Hiring since February 2024
607,International Institute Of Data Science & Technology,Social Media Content Creation (Reels & YouTube Specialist),Mumbai,3 Months,"₹ 10,000 - 15,000 /month",107 applicants,10 opportunities posted,N/A,Hiring since November 2024
608,Puzzles Living,Social Media Content Creator (Reels Specialist),Bangalore,2 Months,"₹ 10,100 - 15,200 /month",111 applicants,3 opportunities posted,N/A,Hiring since April 2025
609,RPY News Reporter Priya,Video Editing/Making,Patna                                                    (Hybrid),3 Months,"₹ 2,000 - 10,000 /month",54 applicants,1 opportunity posted,N/A,Hiring since May 2025
610,Logion Solutions,2D/3D Video Animation,Ahmedabad                                                    (Hybrid),4 Months,"₹ 5,000 - 10,000 /month",Be an early applicant,23 opportunities posted,4 candidates hired,Hiring since October 2021
611,Scalar Tech Media Private Limited,Motion Graphics,Mumbai,3 Months,"₹ 8,000 - 15,000 /month",34 applicants,202 opportunities posted,N/A,Hiring since June 2024
612,Rentkar-Switch To Share,Video Editing/Making,Mumbai,6 Months,"₹ 10,000 - 12,000 /month",29 applicants,1256 opportunities posted,39 candidates hired,Hiring since October 2019
613,The Blue Ladder Trust,Library Coordinator,Guwahati,6 Months,"₹ 8,000 - 13,000 /month",27 applicants,9 opportunities posted,N/A,Hiring since October 2021
614,Travel Lykke Private Limited,Video Animation,Jaipur,6 Months,"₹ 10,000 - 12,000 /month",Be an early applicant,17 opportunities posted,5 candidates hired,Hiring since February 2025
615,KathaVersse Media Network Private Limited,Video Editing/Making,Mumbai,3 Months,"₹ 10,000 - 10,001 /month",40 applicants,29 opportunities posted,6 candidates hired,Hiring since November 2023
616,QHT Clinic,Video Editing/Making,"Delhi, Noida, Haridwar                                                    (Hybrid)",6 Months,"₹ 6,000 - 14,000 /month",73 applicants,5 opportunities posted,N/A,Hiring since May 2025
617,Mangostine Technologies Private Limited,Social Media Content Creator,Noida,4 Months,"₹ 7,000 - 10,000 /month",62 applicants,88 opportunities posted,15 candidates hired,Hiring since February 2021
618,Mangostine Technologies Private Limited,Video Editing/Making,Noida,4 Months,"₹ 7,000 - 10,000 /month",63 applicants,88 opportunities posted,15 candidates hired,Hiring since February 2021
619,Experiences.digital,Video Editing/Making,Gurgaon,3 Months,"₹ 2,000 - 5,000 /month",63 applicants,141 opportunities posted,4 candidates hired,Hiring since November 2021
620,Design Attic,Social Media Marketing,Mumbai,6 Months,"₹ 12,000 - 20,000 /month",115 applicants,1 opportunity posted,N/A,Hiring since May 2025
